new_status,new_delegates,importsequencenumber,cr714_isactive,new_lastupdated,cr714_mustdo,new_name,new_projectname,new_projectsid,new_spotid,cr714_started,statuscode,statecode,timezoneruleversionnumber,utcconversiontimezonecode,versionnumber,cr714_businesscaseid,owningbusinessunit,cr714_site,new_projectmanager.azureactivedirectoryobjectid,cr714_sponsor.azureactivedirectoryobjectid
100000000,jd.fier@takeda.com,,TRUE,9/10/2026,TRUE,MBO TxN - ENG - Site Engineering Discipline Optimization,MBO TxN - ENG - Site Engineering Discipline Optimization,6c91c695-4fad-f111-aaac-7c1e52fd84c7,1063896,TRUE,1,0,0,,27061469,9d6f22fc-0ead-f111-aaac-7c1e5215f4b4,04d25798-3a42-ee11-bdf5-000d3a8fd327,746c473f-995d-f011-bec1-7c1e527d2157,c89ebedb-dcc9-48d1-93dd-3895c863e62b,b2a3c072-6583-48c5-870d-4ad99ddae01f
100000000,christie.santos@takeda.com,,TRUE,9/11/2026,TRUE,MBO TxN - OSP - Site Project Prioritization Reset,MBO TxN - OSP - Site Project Prioritization Reset,218c4c6a-044f-f111-bec7-0022481fc755,1062518,TRUE,1,0,4,,27061463,f60914fb-e84e-f111-bec6-70a8a53eb3d2,04d25798-3a42-ee11-bdf5-000d3a8fd327,746c473f-995d-f011-bec1-7c1e527d2157,9b68890d-63f3-49c6-9e10-5c21d8b36423,b5b1654c-02fc-4a2f-85d0-0f912c9ad724
100000000,,,TRUE,9/10/2026,FALSE,CFG Insert Optimization,CFG Insert Optimization,ad424809-50ad-f111-aaac-000d3a99ae1b,NA,TRUE,1,0,0,,27055054,,04d25798-3a42-ee11-bdf5-000d3a8fd327,746c473f-995d-f011-bec1-7c1e527d2157,0a8b8289-3b9c-4306-9b5a-79f1dc59800a,b5b1654c-02fc-4a2f-85d0-0f912c9ad724
100000000,,,TRUE,9/10/2026,TRUE,MBO TxN - MSci - Northstar Implementation - Statistica to Discoverant Migration,MBO TxN - MSci - Northstar Implementation - Statistica to Discoverant Migration,cd5682d2-c44f-f111-bec6-6045bdee0338,1062568,TRUE,1,0,4,,27054265,9d86190b-75f1-f011-8406-00224832861e,04d25798-3a42-ee11-bdf5-000d3a8fd327,746c473f-995d-f011-bec1-7c1e527d2157,8bb990b1-9ed2-4a3a-a06a-b2fbc9d76661,1ae4535a-c129-4f33-9f76-1ba698be262a
100000000,,,TRUE,9/10/2026,TRUE,300SW - QUAL - Fully automated workstation for plate-based assays,300SW - QUAL - Fully automated workstation for plate-based assays,c61d977c-18bc-f011-bbd3-7c1e527cd923,1053261,TRUE,1,0,4,,27054247,,04d25798-3a42-ee11-bdf5-000d3a8fd327,746c473f-995d-f011-bec1-7c1e527d2157,bbcf8d5c-ab1b-4c7b-98d0-109afaef9073,ce3909a7-1976-4c4d-9f17-eabc98a6299b
100000000,,,TRUE,9/10/2026,TRUE,300SW - QC - Antaris II Windows 7 Upgrade,300SW - QC - Antaris II Windows 7 Upgrade,e8021c30-4292-f011-b4cc-7c1e527cd923,1046120,TRUE,1,0,4,,27053986,,04d25798-3a42-ee11-bdf5-000d3a8fd327,746c473f-995d-f011-bec1-7c1e527d2157,05faa830-2c82-4654-afb0-193bd19ae8ae,88096d3e-5281-4f84-b466-b146dba50a5f
100000000,,,TRUE,8/10/2026,FALSE,[FY27] - 300SW - QC AIMP - UPLC instruments replacement,[FY27] - 300SW - QC AIMP - UPLC instruments replacement,a752d523-eb94-f111-8075-0022481e6c23,1059750,FALSE,1,0,0,,27053912,71802c12-05a6-f011-bbd2-7c1e527d2157,04d25798-3a42-ee11-bdf5-000d3a8fd327,746c473f-995d-f011-bec1-7c1e527d2157,2ce624aa-fee5-4c4f-b9cd-0e562caf3ea0,88096d3e-5281-4f84-b466-b146dba50a5f
100000000,,,TRUE,9/10/2026,TRUE,300SW - QUAL - Microbeta Windows 7 Upgrade,300SW - QUAL - Microbeta Windows 7 Upgrade,a79468eb-4292-f011-b4cc-7c1e527cd923,1053258,TRUE,1,0,4,,27053904,,04d25798-3a42-ee11-bdf5-000d3a8fd327,746c473f-995d-f011-bec1-7c1e527d2157,05faa830-2c82-4654-afb0-193bd19ae8ae,8277f615-6266-4dd3-aa98-c56f16a0d93f
100000000,christie.santos@takeda.com,,TRUE,7/29/2026,TRUE,MBO TxN - OSP - Fast-Track OpsTrakker Deployment,MBO TxN - OSP - Fast-Track OpsTrakker Deployment,c21a5766-c44f-f111-bec6-70a8a53eb3d2,1062516,TRUE,1,0,4,,27052799,61964b4f-e74e-f111-bec6-000d3a1ce8d4,04d25798-3a42-ee11-bdf5-000d3a8fd327,746c473f-995d-f011-bec1-7c1e527d2157,edb4619b-bf9c-45a6-bb5f-db7c8a6a7df9,c5b43226-8023-4165-8b39-e0a9dc464fec
100000000,Filipe.ThomasSteger@takeda.com,,TRUE,9/9/2026,TRUE,MBO TxN - QC - Lab Operational Standard Work,MBO TxN - QC - Lab Operational Standard Work,3bb67884-88ac-f111-aaac-000d3a99ae1b,1063750,TRUE,1,0,0,,26992206,09d20795-5fac-f111-aaac-000d3a8cdfc7,04d25798-3a42-ee11-bdf5-000d3a8fd327,746c473f-995d-f011-bec1-7c1e527d2157,a13f2e44-39f5-40f0-9a22-7c4c6c991cfc,daf1bf4e-9ac8-4e93-b50e-54b0dc21e997
100000000,Filipe.ThomasSteger@takeda.com,,TRUE,9/9/2026,TRUE,MBO TxN - QC - Testing Optimization & Rationalization,MBO TxN - QC - Testing Optimization & Rationalization,10ec506f-88ac-f111-aaac-70a8a53eb3d2,1063747,TRUE,1,0,0,,26992203,8611184e-75ac-f111-aaac-7c1e5215f4b4,04d25798-3a42-ee11-bdf5-000d3a8fd327,746c473f-995d-f011-bec1-7c1e527d2157,43d57ef8-e7a4-40fd-8aaf-dc2da3f2b295,daf1bf4e-9ac8-4e93-b50e-54b0dc21e997
100000000,Filipe.ThomasSteger@takeda.com,,TRUE,9/9/2026,TRUE,MBO TxN - QC - Data & Digital,MBO TxN - QC - Data & Digital,22a8838d-88ac-f111-aaac-70a8a53eb3d2,1063728,TRUE,1,0,0,,26992199,b6bf7fc9-5eac-f111-aaac-7c1e527cdbd8,04d25798-3a42-ee11-bdf5-000d3a8fd327,746c473f-995d-f011-bec1-7c1e527d2157,09945b24-0916-4bd5-8994-1225e78b9597,daf1bf4e-9ac8-4e93-b50e-54b0dc21e997
100000000,Filipe.ThomasSteger@takeda.com,,TRUE,9/9/2026,TRUE,MBO TxN - QC - Performance Management,MBO TxN - QC - Performance Management,0dc9027e-88ac-f111-aaac-7c1e527cdbd8,1063781,TRUE,1,0,0,,26992197,257ef099-74ac-f111-aaac-7c1e52fd84c7,04d25798-3a42-ee11-bdf5-000d3a8fd327,746c473f-995d-f011-bec1-7c1e527d2157,9d9e3e04-aa7b-4f84-9a46-a14041d4a029,daf1bf4e-9ac8-4e93-b50e-54b0dc21e997
100000000,,,TRUE,9/9/2026,FALSE,400SW - EHS - Plant Steam Make Up Improvements,400SW - EHS - Plant Steam Make Up Improvements,5f068da4-4392-f011-b4cc-7c1e527d2157,1046085,TRUE,1,0,4,,26990815,,04d25798-3a42-ee11-bdf5-000d3a8fd327,746c473f-995d-f011-bec1-7c1e527d2157,d0713de4-b245-4c2b-a49a-7b21d5c640c1,c85382f3-fe11-4a71-b61d-acfa29d8f3fb
100000000,mike.gray@takeda.com,,TRUE,9/9/2026,FALSE,400SW - EHS - Office Area HVAC Retro-Commissioning,400SW - EHS - Office Area HVAC Retro-Commissioning,374c2695-3e84-f111-ab0f-000d3a8cdfc7,1043773,TRUE,1,0,4,,26990811,43fe1227-1d82-f111-ab0f-000d3a8cdfc7,04d25798-3a42-ee11-bdf5-000d3a8fd327,746c473f-995d-f011-bec1-7c1e527d2157,d0713de4-b245-4c2b-a49a-7b21d5c640c1,090e8115-6a28-4cb0-9368-67ca630128d6
100000000,sean.hoban@takeda.com,,TRUE,9/9/2026,FALSE,400SW - EHS - Clockworks Platform Expansion,400SW - EHS - Clockworks Platform Expansion,e6532de0-67ac-f111-aaac-70a8a53eb3d2,1046084,TRUE,1,0,4,,26990809,ae571fd7-aaab-f111-aaac-0022481fc755,04d25798-3a42-ee11-bdf5-000d3a8fd327,746c473f-995d-f011-bec1-7c1e527d2157,d0713de4-b245-4c2b-a49a-7b21d5c640c1,c85382f3-fe11-4a71-b61d-acfa29d8f3fb
100000000,,,TRUE,9/9/2026,TRUE,FY25 - LEX-EHS - MABioOps Net Zero Program-Project 1,FY25 - LEX-EHS - MABioOps Net Zero Program-Project 1,db51a381-4492-f011-b4cc-7c1e527d2157,1034736,TRUE,1,0,4,,26990802,,04d25798-3a42-ee11-bdf5-000d3a8fd327,746c473f-995d-f011-bec1-7c1e527d2157,d0713de4-b245-4c2b-a49a-7b21d5c640c1,ead08ddb-ea53-4824-96ca-f686d99479e9
100000000,felix.okwuosa@takeda.com;rizvana.parveen@takeda.com,,TRUE,9/9/2026,TRUE,[OPEX] - 400SW - AGILE - Cleaning TIP (Contamination Free Program),[OPEX] - 400SW - AGILE - Cleaning TIP (Contamination Free Program),0765900c-24bb-f011-bbd3-7c1e527cd923,1059949,TRUE,1,0,4,,26990455,3244be55-65b6-f011-bbd3-7c1e527d2157,04d25798-3a42-ee11-bdf5-000d3a8fd327,746c473f-995d-f011-bec1-7c1e527d2157,426b46ed-c8d8-4d43-8f7d-43b12162d4c6,daf1bf4e-9ac8-4e93-b50e-54b0dc21e997
100000000,,,TRUE,9/9/2026,TRUE,MBO - Alewife Transition,MBO - Alewife Transition,b51b75f3-3901-f111-8406-7ced8d1a487c,,TRUE,1,0,0,,26990201,28b8409a-2001-f111-8406-7ced8d1a487c,04d25798-3a42-ee11-bdf5-000d3a8fd327,746c473f-995d-f011-bec1-7c1e527d2157,5a41b223-3984-44b7-a289-da2c991678fd,b5b1654c-02fc-4a2f-85d0-0f912c9ad724
100000000,,,TRUE,9/9/2026,FALSE,400SW - CI - Harvest Clarification Tubing Management for Recovery 2,400SW - CI - Harvest Clarification Tubing Management for Recovery 2,c7bbd7a2-5dac-f111-aaac-7ced8d1ca135,1063841,FALSE,1,0,0,,26989938,311101dc-224a-f111-bec6-7c1e5215f4b4,04d25798-3a42-ee11-bdf5-000d3a8fd327,746c473f-995d-f011-bec1-7c1e527d2157,b702c34a-503f-46c4-aa01-1a81546470a2,5de13563-a168-43ac-a45b-c1b028115bdf
100000000,bobby.taylor1@takeda.com;sarahrose.gabor@takeda.com;kimberly.drew@takeda.com,,TRUE,7/28/2026,TRUE,MBO TxN - ENG - Accelerate PM Optimization,MBO TxN - ENG - Accelerate PM Optimization,b5404076-c44f-f111-bec7-7c1e527cdbd8,1062570,TRUE,1,0,4,,26989586,528b466e-e54e-f111-bec7-7c1e527cdbd8,04d25798-3a42-ee11-bdf5-000d3a8fd327,746c473f-995d-f011-bec1-7c1e527d2157,ebe611a5-22b6-4c91-a9a7-14127ae93f13,b2a3c072-6583-48c5-870d-4ad99ddae01f
100000000,felix.okwuosa@takeda.com;rizvana.parveen@takeda.com,,FALSE,3/6/2026,TRUE,[OPEX] 400SW - AGILE - Aseptic Champion Program (Contamination Free Program),[OPEX] 400SW - AGILE - Aseptic Champion Program (Contamination Free Program),63a10d50-8dba-f011-bbd3-7c1e527d2157,1059950,TRUE,1,0,4,,26989187,7425d0e0-b9ae-f011-bbd3-7c1e527d2157,04d25798-3a42-ee11-bdf5-000d3a8fd327,746c473f-995d-f011-bec1-7c1e527d2157,c38e603d-e89e-41ed-98c9-d7fb8132d4df,daf1bf4e-9ac8-4e93-b50e-54b0dc21e997
100000000,,,TRUE,9/8/2026,TRUE,MBO TxN - ENG - Site Engineering Upskilling,MBO TxN - ENG - Site Engineering Upskilling,e89867ec-c34f-f111-bec7-0022481fc755,1062571,TRUE,1,0,4,,26983653,746a1f08-004f-f111-bec7-7c1e527cdbd8,04d25798-3a42-ee11-bdf5-000d3a8fd327,746c473f-995d-f011-bec1-7c1e527d2157,20ac5825-b54d-43e3-a089-f0412aade51e,b2a3c072-6583-48c5-870d-4ad99ddae01f
100000000,,,TRUE,9/8/2026,TRUE,MBO TxN - QUAL - Compliance TIP,MBO TxN - QUAL - Compliance TIP,eee59e05-b9ab-f111-aaac-7c1e527cdbd8,1063783,TRUE,1,0,0,,26982954,62b3d343-8da8-f111-b8de-000d3a8cdfc7,04d25798-3a42-ee11-bdf5-000d3a8fd327,746c473f-995d-f011-bec1-7c1e527d2157,77769732-3497-461a-88b1-3d10a22c2bb2,daf1bf4e-9ac8-4e93-b50e-54b0dc21e997
100000000,,,TRUE,9/8/2026,FALSE,200RPD - INNOV - Material Transportation Truck Lease/Validate,200RPD - INNOV - Material Transportation Truck Lease/Validate,60440777-4192-f011-b4cc-7c1e527d2157,1046058,TRUE,1,0,4,,26982802,,04d25798-3a42-ee11-bdf5-000d3a8fd327,746c473f-995d-f011-bec1-7c1e527d2157,d73aae49-dc26-4338-b9e8-a62ff97a69be,0a8b8289-3b9c-4306-9b5a-79f1dc59800a
100000000,ahmed.alami@takeda.com;jacquelyn.dow@takeda.com,,TRUE,9/8/2026,TRUE,MBO TxN - MFG - SUT Optimization (Central Operations),MBO TxN - MFG - SUT Optimization (Central Operations),7d525aef-575f-f111-a826-70a8a53eb3d2,1062890,TRUE,1,0,4,,26982444,30822579-535f-f111-a826-7c1e5215f4b4,04d25798-3a42-ee11-bdf5-000d3a8fd327,746c473f-995d-f011-bec1-7c1e527d2157,072d4722-c314-4fa9-b76b-3b952a8077ad,2e206058-c2e1-46c0-b68c-28eeb02607e3
100000000,,,TRUE,9/8/2026,TRUE,MBO TxN - MSci - Resin Prep Optimization,MBO TxN - MSci - Resin Prep Optimization,a13eeec1-9cab-f111-aaac-7c1e527cdbd8,1063782,TRUE,1,0,0,,26981929,2337e631-89ab-f111-aaac-70a8a53eb3d2,04d25798-3a42-ee11-bdf5-000d3a8fd327,746c473f-995d-f011-bec1-7c1e527d2157,38a6913d-b25c-476c-b531-01834b1e8663,1ae4535a-c129-4f33-9f76-1ba698be262a
100000000,,,TRUE,9/8/2026,TRUE,MBO TxN - PCC - Cultural Pillar Adoption,MBO TxN - PCC - Cultural Pillar Adoption,1eabdafb-c34f-f111-bec7-7c1e5215f4b4,1062559,TRUE,1,0,4,,26981396,0e95bc66-ff4e-f111-bec6-000d3a1ce8d4,04d25798-3a42-ee11-bdf5-000d3a8fd327,746c473f-995d-f011-bec1-7c1e527d2157,54717ade-f6ea-4718-92a7-b9cc5e586906,997237b5-7a2f-4491-8074-b7800e6a39cc
100000000,,,TRUE,9/8/2026,TRUE,MBO TxN - PCC - Fabriq Maturity,MBO TxN - PCC - Fabriq Maturity,95a3ec0a-c44f-f111-bec6-70a8a53eb3d2,1062560,TRUE,1,0,4,,26981395,6b5cb284-fc4e-f111-bec7-7c1e527cdbd8,04d25798-3a42-ee11-bdf5-000d3a8fd327,746c473f-995d-f011-bec1-7c1e527d2157,54717ade-f6ea-4718-92a7-b9cc5e586906,997237b5-7a2f-4491-8074-b7800e6a39cc
100000000,,,TRUE,9/3/2026,FALSE,MBO - EHS - Gas Monitoring Equipment Gap Remediation,MBO - EHS - Gas Monitoring Equipment Gap Remediation,a6f2c69d-bea7-f111-b8de-000d3a8cdfc7,1063740,FALSE,1,0,0,,26943850,fb9dd537-19a2-f111-b8dc-7c1e5215f4b4,04d25798-3a42-ee11-bdf5-000d3a8fd327,746c473f-995d-f011-bec1-7c1e527d2157,090e8115-6a28-4cb0-9368-67ca630128d6,c85382f3-fe11-4a71-b61d-acfa29d8f3fb
100000000,,,TRUE,9/2/2026,TRUE,300SW - QC - Replace aging Waters Chromatography instruments with new versions,300SW - QC - Replace aging Waters Chromatography instruments with new versions,6042f490-4292-f011-b4cc-7c1e527cd923,1046297,TRUE,1,0,4,,26937848,,04d25798-3a42-ee11-bdf5-000d3a8fd327,746c473f-995d-f011-bec1-7c1e527d2157,bbcf8d5c-ab1b-4c7b-98d0-109afaef9073,23ebfc42-b5d1-47ab-a9d4-116e84f2222d
100000000,,,TRUE,9/2/2026,TRUE,300SW - QC - MALDI Instrument Replacement for QC Micro,300SW - QC - MALDI Instrument Replacement for QC Micro,6ff76061-4292-f011-b4cb-002248271486,1046131,TRUE,1,0,4,,26937846,,04d25798-3a42-ee11-bdf5-000d3a8fd327,746c473f-995d-f011-bec1-7c1e527d2157,bbcf8d5c-ab1b-4c7b-98d0-109afaef9073,23ebfc42-b5d1-47ab-a9d4-116e84f2222d
100000000,,,FALSE,9/2/2026,TRUE,[OPEX] 200SW - QC - QC Cell Bank Testing NucleoCounter NC200,[OPEX] 200SW - QC - QC Cell Bank Testing NucleoCounter NC200,6c0319b2-04c0-f011-bbd3-7c1e527cd923,1046128,TRUE,1,0,4,,26937844,,04d25798-3a42-ee11-bdf5-000d3a8fd327,746c473f-995d-f011-bec1-7c1e527d2157,bbcf8d5c-ab1b-4c7b-98d0-109afaef9073,23ebfc42-b5d1-47ab-a9d4-116e84f2222d
100000000,,,TRUE,9/2/2026,TRUE,300SW - QUAL - QC Labs Titrator Replacement,300SW - QUAL - QC Labs Titrator Replacement,375bc779-5d95-f011-b4cc-7c1e527cd923,1042512,TRUE,1,0,4,,26937801,,04d25798-3a42-ee11-bdf5-000d3a8fd327,746c473f-995d-f011-bec1-7c1e527d2157,05faa830-2c82-4654-afb0-193bd19ae8ae,88096d3e-5281-4f84-b466-b146dba50a5f
100000000,,,TRUE,9/2/2026,TRUE,300SW - QUAL - GS900 Densitometer Windows 7 Upgrade,300SW - QUAL - GS900 Densitometer Windows 7 Upgrade,aafb4cd9-4292-f011-b4cc-7c1e527cd923,1053257,TRUE,1,0,4,,26937593,,04d25798-3a42-ee11-bdf5-000d3a8fd327,746c473f-995d-f011-bec1-7c1e527d2157,05faa830-2c82-4654-afb0-193bd19ae8ae,8277f615-6266-4dd3-aa98-c56f16a0d93f
100000000,,,TRUE,8/24/2026,FALSE,400SW - AIMP - Gowning Rooms 1122 & 1121 Architectural renewal,400SW - AIMP - Gowning Rooms 1122 & 1121 Architectural renewal,1ed0938a-05a0-f111-b8dc-000d3a99ae1b,1063642,FALSE,1,0,0,,26826305,a796179f-8c87-f111-ab0f-7ced8d1ca135,04d25798-3a42-ee11-bdf5-000d3a8fd327,746c473f-995d-f011-bec1-7c1e527d2157,54382567-0f67-44a8-bf4b-7467ecaf3d6b,c85382f3-fe11-4a71-b61d-acfa29d8f3fb
100000000,misbah.anwar@takeda.com,,TRUE,8/28/2026,FALSE,MBO - DDT - Paperless Transformation - OpsTrakker eForms and eLogbooks,MBO - DDT - Paperless Transformation - OpsTrakker eForms and eLogbooks,b77cacf7-62c1-f011-bbd2-000d3a8f6005,1052674,TRUE,1,0,4,,26775613,,04d25798-3a42-ee11-bdf5-000d3a8fd327,746c473f-995d-f011-bec1-7c1e527d2157,edb4619b-bf9c-45a6-bb5f-db7c8a6a7df9,c5b43226-8023-4165-8b39-e0a9dc464fec
100000000,ted.fitch@takeda.com,,TRUE,8/28/2026,TRUE,400SW - IT - Migrate Mfg Scheduling from Infor AS to Emerson RTMS,400SW - IT - Migrate Mfg Scheduling from Infor AS to Emerson RTMS,58d7d0ed-4392-f011-b4cc-7c1e527d2157,1030947,TRUE,1,0,4,,26774788,,04d25798-3a42-ee11-bdf5-000d3a8fd327,746c473f-995d-f011-bec1-7c1e527d2157,f7be56aa-a471-4f16-a371-e26f4a56a15b,
100000000,,,TRUE,8/27/2026,FALSE,[OPEX] Data Quality Improvements - SLIA do not match EIL,[OPEX] Data Quality Improvements - SLIA do not match EIL,6729f2f5-4092-f011-b4cc-7c1e527d2157,1046036,TRUE,1,0,4,,26770712,,04d25798-3a42-ee11-bdf5-000d3a8fd327,746c473f-995d-f011-bec1-7c1e527d2157,d9334e20-bbbc-43d7-9614-aca58b6ab85d,df5ec455-709c-4745-9a0e-83ee131763b6
100000000,,,TRUE,8/27/2026,FALSE,MBO - INNOV - Ontrak - UE Systems - Bearing Lubrication and Monitoring,MBO - INNOV - Ontrak - UE Systems - Bearing Lubrication and Monitoring,9ed0ff94-4492-f011-b4cb-002248271486,1053293,TRUE,1,0,4,,26770710,,04d25798-3a42-ee11-bdf5-000d3a8fd327,746c473f-995d-f011-bec1-7c1e527d2157,d9334e20-bbbc-43d7-9614-aca58b6ab85d,df5ec455-709c-4745-9a0e-83ee131763b6
100000000,,,TRUE,8/27/2026,FALSE,400SW - INNOV - EilerCal Digital Load Cell Calibration system,400SW - INNOV - EilerCal Digital Load Cell Calibration system,27aab76a-41dc-f011-8543-000d3a1292d1,1059743,TRUE,1,0,4,,26770708,,04d25798-3a42-ee11-bdf5-000d3a8fd327,746c473f-995d-f011-bec1-7c1e527d2157,d9334e20-bbbc-43d7-9614-aca58b6ab85d,17a3437e-5395-4183-8afa-14f59cdde016
100000000,,,TRUE,8/27/2026,TRUE,FY26 - 400SW - FOF - Takhzyro: Optical DO Probe,FY26 - 400SW - FOF - Takhzyro: Optical DO Probe,ba26871d-d305-f111-8406-7c1e5247a2b3,1053549,TRUE,1,0,4,,26769851,a4e66bb7-0e02-f111-8407-6045bda6c590,04d25798-3a42-ee11-bdf5-000d3a8fd327,746c473f-995d-f011-bec1-7c1e527d2157,e351b06b-a75f-4138-ad6a-01780a10413d,95f71023-bb3c-4d7b-bc0d-b9871c3cd68b
100000000,,,TRUE,8/27/2026,FALSE,Elaprase DS Tech Transfer,Elaprase DS Tech Transfer,0a34e239-4492-f011-b4cc-7c1e527d2157,1012401,TRUE,1,0,4,,26769814,,04d25798-3a42-ee11-bdf5-000d3a8fd327,746c473f-995d-f011-bec1-7c1e527d2157,dbfcff44-3d3f-4a60-8d84-0d43d7364466,41963739-cf3b-47f7-950d-aedbb1fe7007
100000000,cato.hui@takeda.com,,TRUE,8/27/2026,TRUE,400SW - NPI - TAK-611 (rhASA C) Re-Introduction,400SW - NPI - TAK-611 (rhASA C) Re-Introduction,162f90b0-fafa-f011-8407-7c1e52146c0e,1057509,TRUE,1,0,4,,26769810,,04d25798-3a42-ee11-bdf5-000d3a8fd327,746c473f-995d-f011-bec1-7c1e527d2157,dbfcff44-3d3f-4a60-8d84-0d43d7364466,dbfcff44-3d3f-4a60-8d84-0d43d7364466
100000000,,,TRUE,8/27/2026,TRUE,MBO - NPI - TAK-079 PPQ (Process Performance Qualification),MBO - NPI - TAK-079 PPQ (Process Performance Qualification),727340b4-4492-f011-b4cc-7c1e527d2157,1049915,TRUE,1,0,4,,26769792,,04d25798-3a42-ee11-bdf5-000d3a8fd327,746c473f-995d-f011-bec1-7c1e527d2157,dbfcff44-3d3f-4a60-8d84-0d43d7364466,1ae4535a-c129-4f33-9f76-1ba698be262a
100000000,,,TRUE,8/27/2026,FALSE,400SW - NPI - TAK-079 BRX Code installation to 3rd BRX,400SW - NPI - TAK-079 BRX Code installation to 3rd BRX,6773affb-4392-f011-b4cb-002248271486,1055306,TRUE,1,0,4,,26769414,,04d25798-3a42-ee11-bdf5-000d3a8fd327,746c473f-995d-f011-bec1-7c1e527d2157,d73aae49-dc26-4338-b9e8-a62ff97a69be,95f71023-bb3c-4d7b-bc0d-b9871c3cd68b
100000000,,,TRUE,8/27/2026,FALSE,400SW - DI - Axichrom Master Units Replacement,400SW - DI - Axichrom Master Units Replacement,e2548f91-4392-f011-b4cb-002248271486,1022868,TRUE,1,0,4,,26769411,,04d25798-3a42-ee11-bdf5-000d3a8fd327,746c473f-995d-f011-bec1-7c1e527d2157,d73aae49-dc26-4338-b9e8-a62ff97a69be,
100000000,,,TRUE,8/27/2026,FALSE,300SW - AIMP - Replace obsolete components on RO Units,300SW - AIMP - Replace obsolete components on RO Units,90343bf8-4192-f011-b4cb-002248271486,1046043,TRUE,1,0,4,,26769406,,04d25798-3a42-ee11-bdf5-000d3a8fd327,746c473f-995d-f011-bec1-7c1e527d2157,d73aae49-dc26-4338-b9e8-a62ff97a69be,c85382f3-fe11-4a71-b61d-acfa29d8f3fb
100000000,,,TRUE,8/27/2026,FALSE,[FY26] 200SW - INNOV - Gowning Room for Cell Bank,[FY26] 200SW - INNOV - Gowning Room for Cell Bank,96089c5c-d0c3-f011-bbd3-7c1e527cd923,1059745,TRUE,1,0,4,,26769404,,04d25798-3a42-ee11-bdf5-000d3a8fd327,746c473f-995d-f011-bec1-7c1e527d2157,d73aae49-dc26-4338-b9e8-a62ff97a69be,0059634d-dfb9-42fb-bf35-d94a1ff6afa3
100000000,,,TRUE,8/26/2026,FALSE,200SW - MSCI - Cell Bank Media Prep,200SW - MSCI - Cell Bank Media Prep,5e39aa7a-d805-f111-8406-7c1e5247a2b3,1051141,TRUE,1,0,4,,26765589,985d5f2f-05fb-f011-8406-6045bdd8cc50,04d25798-3a42-ee11-bdf5-000d3a8fd327,746c473f-995d-f011-bec1-7c1e527d2157,e351b06b-a75f-4138-ad6a-01780a10413d,2e206058-c2e1-46c0-b68c-28eeb02607e3
100000000,,,TRUE,7/27/2026,FALSE,[FY26] - MBO - EHS - New Benches in Clean Rooms,[FY26] - MBO - EHS - New Benches in Clean Rooms,a83a25b6-a111-f111-8406-6045bdd8cc50,1059741,TRUE,1,0,4,,26765063,1fbff28e-609d-f011-b41b-00224827aa4c,04d25798-3a42-ee11-bdf5-000d3a8fd327,746c473f-995d-f011-bec1-7c1e527d2157,16464d45-ff71-47ca-b620-0d31838cbf0d,dd14179b-85c6-4fa9-b53f-ef21ca85f09a
100000000,rizvana.parveen@takeda.com,,TRUE,8/26/2026,TRUE,[OPEX] 400SW - AGILE - Contamination Control Assessment TIP (Contamination Free Program),[OPEX] 400SW - AGILE - Contamination Control Assessment TIP (Contamination Free Program),7b3e21b3-20fd-f011-8406-7c1e5247a2b3,1061340,TRUE,1,0,4,,26764557,4f78c6d7-69fc-f011-8406-6045bdd8cc50,04d25798-3a42-ee11-bdf5-000d3a8fd327,746c473f-995d-f011-bec1-7c1e527d2157,bee93071-078e-4993-b0dc-54eb6e765e26,daf1bf4e-9ac8-4e93-b50e-54b0dc21e997
100000000,kunal.isampelliwar@takeda.com,,TRUE,8/26/2026,FALSE,MBO - Digital Tier Boards,MBO - Digital Tier Boards,68329778-4492-f011-b4cc-7c1e527cd923,1038636,TRUE,1,0,0,,26762084,,04d25798-3a42-ee11-bdf5-000d3a8fd327,746c473f-995d-f011-bec1-7c1e527d2157,5a41b223-3984-44b7-a289-da2c991678fd,eb094966-3b4e-4733-9da1-670867441cf8
100000000,,,TRUE,8/24/2026,FALSE,400SW - CI - Additional CUNO Filter Holder for Recovery 1 & 2 Operations,400SW - CI - Additional CUNO Filter Holder for Recovery 1 & 2 Operations,5828a950-08a0-f111-b8dc-000d3a99ae1b,1063643,FALSE,1,0,0,,26693857,e32aee5c-204a-f111-bec6-7c1e5215f4b4,04d25798-3a42-ee11-bdf5-000d3a8fd327,746c473f-995d-f011-bec1-7c1e527d2157,b702c34a-503f-46c4-aa01-1a81546470a2,5de13563-a168-43ac-a45b-c1b028115bdf
100000000,,,TRUE,8/24/2026,FALSE,Standard Work - MBO - Inspection Readiness and Support,Standard Work - MBO - Inspection Readiness and Support,6acc989a-4555-f111-bec7-000d3a8cdfc7,,TRUE,1,0,4,,26689482,,04d25798-3a42-ee11-bdf5-000d3a8fd327,746c473f-995d-f011-bec1-7c1e527d2157,c28074e3-e4f5-47be-b4e7-1a0212f339e3,
100000000,,,TRUE,8/24/2026,FALSE,400SW - AIMP - UF Conductivity Probe & Transmitter Replacement​,400SW - AIMP - UF Conductivity Probe & Transmitter Replacement​,6015485c-4392-f011-b4cc-7c1e527d2157,1056638,TRUE,1,0,4,,26689367,,04d25798-3a42-ee11-bdf5-000d3a8fd327,746c473f-995d-f011-bec1-7c1e527d2157,e351b06b-a75f-4138-ad6a-01780a10413d,95f71023-bb3c-4d7b-bc0d-b9871c3cd68b
100000000,,,TRUE,8/24/2026,FALSE,300SW - OTHER - Elaprase Exit -  Roller Bottle Decommissioning,300SW - OTHER - Elaprase Exit -  Roller Bottle Decommissioning,d1319b10-4292-f011-b4cb-002248271486,1034738,TRUE,1,0,4,,26689365,,04d25798-3a42-ee11-bdf5-000d3a8fd327,746c473f-995d-f011-bec1-7c1e527d2157,e351b06b-a75f-4138-ad6a-01780a10413d,b2a3c072-6583-48c5-870d-4ad99ddae01f
100000000,,,TRUE,8/24/2026,FALSE,205ABP - OPEX - Alewife and Belmont Decommissioning Project State,205ABP - OPEX - Alewife and Belmont Decommissioning Project State,359007d1-4192-f011-b4cb-002248271486,1029750,TRUE,1,0,4,,26689363,,04d25798-3a42-ee11-bdf5-000d3a8fd327,746c473f-995d-f011-bec1-7c1e527d2157,e351b06b-a75f-4138-ad6a-01780a10413d,
100000000,,,TRUE,8/21/2026,FALSE,[FY26] MBO - AIMP - Environmental Chamber Replacement,[FY26] MBO - AIMP - Environmental Chamber Replacement,b7e672fa-a111-f111-8406-7c1e52146c0e,1059646,TRUE,1,0,4,,26664902,564de39d-db9e-f011-b41b-7c1e527d2157,04d25798-3a42-ee11-bdf5-000d3a8fd327,746c473f-995d-f011-bec1-7c1e527d2157,d73aae49-dc26-4338-b9e8-a62ff97a69be,df5ec455-709c-4745-9a0e-83ee131763b6
100000000,,,TRUE,8/21/2026,FALSE,200RPD - AIMP - Environmental Chamber Replacement,200RPD - AIMP - Environmental Chamber Replacement,65664e20-4192-f011-b4cc-7c1e527cd923,1046044,TRUE,1,0,4,,26664896,,04d25798-3a42-ee11-bdf5-000d3a8fd327,746c473f-995d-f011-bec1-7c1e527d2157,d73aae49-dc26-4338-b9e8-a62ff97a69be,df5ec455-709c-4745-9a0e-83ee131763b6
100000000,,,TRUE,8/21/2026,FALSE,300SW - AIMP - Environmental Chamber Replacement,300SW - AIMP - Environmental Chamber Replacement,aa66fedd-4192-f011-b4cb-002248271486,1046047,TRUE,1,0,4,,26664894,,04d25798-3a42-ee11-bdf5-000d3a8fd327,746c473f-995d-f011-bec1-7c1e527d2157,d73aae49-dc26-4338-b9e8-a62ff97a69be,df5ec455-709c-4745-9a0e-83ee131763b6
100000000,,,TRUE,8/21/2026,FALSE,BEL - AIMP - Environmental Chamber Replacement,BEL - AIMP - Environmental Chamber Replacement,e27fb913-4492-f011-b4cb-002248271486,1046882,TRUE,1,0,4,,26664892,,04d25798-3a42-ee11-bdf5-000d3a8fd327,746c473f-995d-f011-bec1-7c1e527d2157,d73aae49-dc26-4338-b9e8-a62ff97a69be,0a8b8289-3b9c-4306-9b5a-79f1dc59800a
100000000,eduart.golloshi@takeda.com,,TRUE,8/21/2026,TRUE,Improve standardization and AOS Maturity across biologics sites leveraging Fabriq - MA Bio Operations Deployment,Improve standardization and AOS Maturity across biologics sites leveraging Fabriq - MA Bio Operations Deployment,4d472160-d4f6-f011-8406-6045bdd8cc50,1059672,TRUE,1,0,4,,26664562,,04d25798-3a42-ee11-bdf5-000d3a8fd327,746c473f-995d-f011-bec1-7c1e527d2157,3db934ec-408a-4f0e-bffa-4691228d7d40,eb094966-3b4e-4733-9da1-670867441cf8
100000000,ahmed.alami@takeda.com,,TRUE,8/21/2026,TRUE,MBO TxN - MFG - Level Loading & Shift Exchange,MBO TxN - MFG - Level Loading & Shift Exchange,1e6c0fc0-c44f-f111-bec7-7c1e5215f4b4,1062573,TRUE,1,0,4,,26664558,c497dc08-df4e-f111-bec7-7c1e527cdbd8,04d25798-3a42-ee11-bdf5-000d3a8fd327,746c473f-995d-f011-bec1-7c1e527d2157,3db934ec-408a-4f0e-bffa-4691228d7d40,2e206058-c2e1-46c0-b68c-28eeb02607e3
100000000,,,TRUE,8/20/2026,FALSE,[FY26] - 200RPD - QC - Raw Material Sampling Area Changing Rooms,[FY26] - 200RPD - QC - Raw Material Sampling Area Changing Rooms,j0000065-0000-4000-8000-000000000000,1059763,TRUE,1,0,4,,26658874,ae9f8fe9-d3b4-f011-bbd3-002248271486,04d25798-3a42-ee11-bdf5-000d3a8fd327,746c473f-995d-f011-bec1-7c1e527d2157,bbcf8d5c-ab1b-4c7b-98d0-109afaef9073,426b46ed-c8d8-4d43-8f7d-43b12162d4c6
100000000,minhazuddin.mohammed@takeda.com,,TRUE,8/19/2026,FALSE,400SW - OPEX - Audit Trail Review - Risk Assessments for Multiple Benchtop Instruments,400SW - OPEX - Audit Trail Review - Risk Assessments for Multiple Benchtop Instruments,ba22b022-fd9b-f111-b8db-000d3a8cdfc7,1063627,FALSE,1,0,0,,26649308,b7f1a6a2-c45d-f111-a826-7c1e5215f4b4,04d25798-3a42-ee11-bdf5-000d3a8fd327,746c473f-995d-f011-bec1-7c1e527d2157,3d1614a6-e79b-49d3-a1a4-fb8d9c42225f,95f71023-bb3c-4d7b-bc0d-b9871c3cd68b
100000000,,,TRUE,8/19/2026,FALSE,400SW - AIMP - Software Upgrade for Wave 25s,400SW - AIMP - Software Upgrade for Wave 25s,bff25eed-58dc-f011-8543-000d3a1292d1,1060932,TRUE,1,0,4,,26648909,c2297e69-6fd7-f011-8544-002248271486,04d25798-3a42-ee11-bdf5-000d3a8fd327,746c473f-995d-f011-bec1-7c1e527d2157,b249ab33-1d60-43ec-85a3-854906e89929,95f71023-bb3c-4d7b-bc0d-b9871c3cd68b
100000000,stephen.morgan@takeda.com,,TRUE,8/19/2026,FALSE,[FY26] - MBO - AUTO - Metasys capital improvements and architecture changes to allow divesting of Buildings to GREF,[FY26] - MBO - AUTO - Metasys capital improvements and architecture changes to allow divesting of Buildings to GREF,07c7842f-961c-f111-8341-000d3a538d48,1059740,TRUE,1,0,4,,26648907,79707dff-7da3-f011-bbd3-002248271486,04d25798-3a42-ee11-bdf5-000d3a8fd327,746c473f-995d-f011-bec1-7c1e527d2157,b249ab33-1d60-43ec-85a3-854906e89929,7351aecd-5444-47e4-b9f9-80b777b42129
100000000,,,true,2026-09-24,FALSE,[FY26] - 400SW - AIMP - Tube Sealers Replacement Upstream,[FY26] - 400SW - AIMP - Tube Sealers Replacement Upstream,e7a99283-951c-f111-8341-6045bdd8cc50,1059732,TRUE,1,0,4,,26648905,762c2bc4-db9e-f011-b41b-7c1e52598de0,04d25798-3a42-ee11-bdf5-000d3a8fd327,746c473f-995d-f011-bec1-7c1e527d2157,307b4ea3-f78f-f011-b4cc-6045bddb6d09,58401983-24ad-f111-aaac-000d3a99ae1b
100000000,mike.gray@takeda.com;edward.castronova@takeda.com,,TRUE,5/26/2026,TRUE,MBO TxN - ENG - Utilities Chiller - Sewer Cost Avoidance,MBO TxN - ENG - Utilities Chiller - Sewer Cost Avoidance,6dd5662f-c44f-f111-bec6-6045bdee0338,1062569,TRUE,1,0,4,,26648903,63dbcd72-fa4e-f111-bec7-7c1e527cdbd8,04d25798-3a42-ee11-bdf5-000d3a8fd327,746c473f-995d-f011-bec1-7c1e527d2157,c85382f3-fe11-4a71-b61d-acfa29d8f3fb,b2a3c072-6583-48c5-870d-4ad99ddae01f
100000000,,,TRUE,8/19/2026,FALSE,[FY26] - 400SW - AIMP - Tube Sealers Replacement Downstream,[FY26] - 400SW - AIMP - Tube Sealers Replacement Downstream,j0000071-0000-4000-8000-000000000000,1062096,TRUE,1,0,4,,26648901,84bc98c6-9f39-f111-88b4-7c1e5215f4b4,04d25798-3a42-ee11-bdf5-000d3a8fd327,746c473f-995d-f011-bec1-7c1e527d2157,b249ab33-1d60-43ec-85a3-854906e89929,2e206058-c2e1-46c0-b68c-28eeb02607e3
100000000,ahmed.alami@takeda.com,,TRUE,7/29/2026,TRUE,MBO TxN - MFG - SUT Optimization (Downstream),MBO TxN - MFG - SUT Optimization (Downstream),c1c782ac-585f-f111-a826-000d3a8cdfc7,1062891,TRUE,1,0,4,,26648368,3608153b-525f-f111-a825-000d3a99ae1b,04d25798-3a42-ee11-bdf5-000d3a8fd327,746c473f-995d-f011-bec1-7c1e527d2157,1bb0b7fb-491e-47b9-b09d-613bb1d60c9b,2e206058-c2e1-46c0-b68c-28eeb02607e3
100000000,tara.feuerstein@takeda.com,,TRUE,8/18/2026,TRUE,"[OPEX] 300SW - AGILE - QC Booster - Workstream 4 (Testing Optimization, Reduced RM Testing, Reduced Activity Testing)","[OPEX] 300SW - AGILE - QC Booster - Workstream 4 (Testing Optimization, Reduced RM Testing, Reduced Activity Testing)",f89b7d3b-8732-f111-88b4-7c1e52146c0e,1057917,TRUE,1,0,4,,26643168,915dfad9-e5ca-f011-bbd3-002248271486,04d25798-3a42-ee11-bdf5-000d3a8fd327,746c473f-995d-f011-bec1-7c1e527d2157,a13f2e44-39f5-40f0-9a22-7c4c6c991cfc,daf1bf4e-9ac8-4e93-b50e-54b0dc21e997
100000000,tyler.zbinden@takeda.com;david.sideris@takeda.com;tara.feuerstein@takeda.com,,TRUE,8/18/2026,TRUE,[OPEX] - MBO - AGILE - AOS Booster - MBO QC Capacity Improvement,[OPEX] - MBO - AGILE - AOS Booster - MBO QC Capacity Improvement,ce3d5fc5-58ff-f011-8406-7c1e52146c0e,1057917,TRUE,1,0,4,,26643152,,04d25798-3a42-ee11-bdf5-000d3a8fd327,746c473f-995d-f011-bec1-7c1e527d2157,a13f2e44-39f5-40f0-9a22-7c4c6c991cfc,daf1bf4e-9ac8-4e93-b50e-54b0dc21e997
100000000,,,TRUE,8/17/2026,FALSE,Standard Work - MBO - QRM Master Plan SME Resources,Standard Work - MBO - QRM Master Plan SME Resources,57c723d7-4092-f011-b4cc-7c1e527cd923,1050850,TRUE,1,0,4,,26637355,,04d25798-3a42-ee11-bdf5-000d3a8fd327,746c473f-995d-f011-bec1-7c1e527d2157,61c6d8dc-a7c0-4a5a-84a3-0aa1acfc19c5,b2e97992-f8a9-43d1-bfde-39e64e372d29
100000000,danielle.lablanc@takeda.com,,TRUE,8/17/2026,FALSE,Standard Work - Qualified Risk Assessment Facilitators (QRAF),Standard Work - Qualified Risk Assessment Facilitators (QRAF),809db050-5500-f111-8407-6045bda6c590,,TRUE,1,0,4,,26637353,f58c9f0b-5400-f111-8406-7ced8d17503e,04d25798-3a42-ee11-bdf5-000d3a8fd327,746c473f-995d-f011-bec1-7c1e527d2157,61c6d8dc-a7c0-4a5a-84a3-0aa1acfc19c5,b2e97992-f8a9-43d1-bfde-39e64e372d29
100000000,,,TRUE,8/17/2026,TRUE,300SW - QUAL - Osmometer Auto sampling & Software upgrade,300SW - QUAL - Osmometer Auto sampling & Software upgrade,9368c18e-18bc-f011-bbd3-7c1e527cd923,1053259,TRUE,1,0,4,,26637316,,04d25798-3a42-ee11-bdf5-000d3a8fd327,746c473f-995d-f011-bec1-7c1e527d2157,2ce624aa-fee5-4c4f-b9cd-0e562caf3ea0,88096d3e-5281-4f84-b466-b146dba50a5f
100000000,sandeep.barwal@takeda.com,,TRUE,8/17/2026,TRUE,300SW - QUAL - Additional Maurice - OBM instruments for HPLC Lab,300SW - QUAL - Additional Maurice - OBM instruments for HPLC Lab,b4da7d5e-18bc-f011-bbd3-7c1e527cd923,1056503,TRUE,1,0,4,,26637298,,04d25798-3a42-ee11-bdf5-000d3a8fd327,746c473f-995d-f011-bec1-7c1e527d2157,2ce624aa-fee5-4c4f-b9cd-0e562caf3ea0,88096d3e-5281-4f84-b466-b146dba50a5f
100000000,piyush.jain@takeda.com,,TRUE,8/3/2026,FALSE,400SW - MSCI - RepAF Post-UPB Thaw Depth Filter Implementation,400SW - MSCI - RepAF Post-UPB Thaw Depth Filter Implementation,89963de0-aad0-f011-8543-000d3a8eda5b,1060754,TRUE,1,0,4,,26372945,aaee2b71-c9c4-f011-bbd3-7c1e527cd923,04d25798-3a42-ee11-bdf5-000d3a8fd327,746c473f-995d-f011-bec1-7c1e527d2157,6faa94ba-8e43-4880-9869-9496f302704c,370cdb98-a1a4-4f89-ba74-34937d0c9be4
100000000,,,TRUE,8/14/2026,FALSE,300SW - DD&T - Management Information Base (MIB) for the QC Lab Network,300SW - DD&T - Management Information Base (MIB) for the QC Lab Network,2cf6bbfe-eb97-f111-8075-7c1e5215f4b4,1055463,FALSE,1,0,0,,26371603,57c0e116-0123-f111-8341-7c1e52146c0e,04d25798-3a42-ee11-bdf5-000d3a8fd327,746c473f-995d-f011-bec1-7c1e527d2157,0b00cc76-0c35-486e-8924-0cef7f8c4e9f,c5b43226-8023-4165-8b39-e0a9dc464fec
100000000,,,TRUE,8/12/2026,TRUE,MBO TxN - ENG - Strategic Supplier Program for CAPEX,MBO TxN - ENG - Strategic Supplier Program for CAPEX,cc521b85-c44f-f111-bec7-7c1e5215f4b4,1062567,TRUE,1,0,4,,26059981,54b391c4-e34e-f111-bec6-000d3a1ce8d4,04d25798-3a42-ee11-bdf5-000d3a8fd327,746c473f-995d-f011-bec1-7c1e527d2157,6d1dd0f3-baad-4e85-ad77-4338a4bf75a1,b2a3c072-6583-48c5-870d-4ad99ddae01f
100000000,tara.feuerstein@takeda.com,,TRUE,8/11/2026,TRUE,[OPEX] 300SW - AGILE - QC Booster - Workstream 2 (Optimize Batching & Schedule Efficiency),[OPEX] 300SW - AGILE - QC Booster - Workstream 2 (Optimize Batching & Schedule Efficiency),969cda14-722f-f111-88b3-7c1e5247a2b3,1057917,TRUE,1,0,4,,25989195,628acecc-a02e-f111-88b4-7c1e52146c0e,04d25798-3a42-ee11-bdf5-000d3a8fd327,746c473f-995d-f011-bec1-7c1e527d2157,09945b24-0916-4bd5-8994-1225e78b9597,daf1bf4e-9ac8-4e93-b50e-54b0dc21e997
100000000,,,TRUE,8/10/2026,FALSE,400SW - OPEX - Transfer cell bank inventory from Belmont to Lex,400SW - OPEX - Transfer cell bank inventory from Belmont to Lex,db90eedc-ee94-f111-8075-0022481e6c23,1055220,TRUE,1,0,0,,25970730,5597000c-e394-f111-8075-0022481e6c23,04d25798-3a42-ee11-bdf5-000d3a8fd327,746c473f-995d-f011-bec1-7c1e527d2157,13eaf6ae-84ab-4640-95cb-4d26d6367bb0,9eab8780-2663-4569-adea-8286ce82ae07
100000000,,,TRUE,2/24/2026,FALSE,400SW - AIMP - Cold Room 423 Upgrade,400SW - AIMP - Cold Room 423 Upgrade,62c90f46-a211-f111-8406-7c1e52146908,1053112,FALSE,1,0,0,,25970410,3f038e7c-21a5-f011-bbd3-7c1e527cd923,04d25798-3a42-ee11-bdf5-000d3a8fd327,746c473f-995d-f011-bec1-7c1e527d2157,2ce624aa-fee5-4c4f-b9cd-0e562caf3ea0,df5ec455-709c-4745-9a0e-83ee131763b6
100000000,joon-chong.yee@takeda.com,,TRUE,8/6/2026,TRUE,MBO TxN - MSci - Template/AI Supported Protocol Generation,MBO TxN - MSci - Template/AI Supported Protocol Generation,86d463bd-c34f-f111-bec7-000d3a8cdfc7,1062565,TRUE,1,0,4,,25932785,e95a352c-a44f-f111-bec7-7c1e5215f4b4,04d25798-3a42-ee11-bdf5-000d3a8fd327,746c473f-995d-f011-bec1-7c1e527d2157,d50c8f22-a87f-4360-a02d-f1a9ebad5117,1ae4535a-c129-4f33-9f76-1ba698be262a
100000000,,,TRUE,8/6/2026,FALSE,MBO - QC - MBO Portable Particle Counters Replacement,MBO - QC - MBO Portable Particle Counters Replacement,17de4456-0ec0-f011-bbd3-002248276c98,1038311,TRUE,1,0,4,,25930603,,04d25798-3a42-ee11-bdf5-000d3a8fd327,746c473f-995d-f011-bec1-7c1e527d2157,f7be56aa-a471-4f16-a371-e26f4a56a15b,9d9e3e04-aa7b-4f84-9a46-a14041d4a029
100000000,,,TRUE,8/6/2026,FALSE,MBO - AUTO - PI EF & Batch Context & PI Vision,MBO - AUTO - PI EF & Batch Context & PI Vision,026a5399-ea97-f011-b4cb-7c1e527d2157,1030954,TRUE,1,0,4,,25930580,,04d25798-3a42-ee11-bdf5-000d3a8fd327,746c473f-995d-f011-bec1-7c1e527d2157,f7be56aa-a471-4f16-a371-e26f4a56a15b,7351aecd-5444-47e4-b9f9-80b777b42129
100000000,,,TRUE,8/6/2026,FALSE,EIMS Phase II at MABioOps,EIMS Phase II at MABioOps,9e1d8e2f-4492-f011-b4cc-7c1e527cd923,1041490,TRUE,1,0,4,,25930552,,04d25798-3a42-ee11-bdf5-000d3a8fd327,746c473f-995d-f011-bec1-7c1e527d2157,f7be56aa-a471-4f16-a371-e26f4a56a15b,2524c286-4e46-4f29-9508-4050fad55dc3
100000000,,,TRUE,8/6/2026,FALSE,400SW - AUTO - OT Cybersecurity improvement project,400SW - AUTO - OT Cybersecurity improvement project,69a47ad0-1876-f111-ab0e-000d3a99ae1b,1053298,TRUE,1,0,4,,25930550,3b6dfb3d-ff22-f111-8341-000d3a538d48,04d25798-3a42-ee11-bdf5-000d3a8fd327,746c473f-995d-f011-bec1-7c1e527d2157,f7be56aa-a471-4f16-a371-e26f4a56a15b,7351aecd-5444-47e4-b9f9-80b777b42129
100000000,,,TRUE,8/6/2026,FALSE,400SW - AIMP -  Schneider BMS replacement,400SW - AIMP -  Schneider BMS replacement,424aeb09-4392-f011-b4cb-002248271486,1022855,TRUE,1,0,4,,25930499,,04d25798-3a42-ee11-bdf5-000d3a8fd327,746c473f-995d-f011-bec1-7c1e527d2157,f7be56aa-a471-4f16-a371-e26f4a56a15b,7351aecd-5444-47e4-b9f9-80b777b42129
100000000,paul.koloseus@takeda.com,,TRUE,8/6/2026,FALSE,[FY25] - 200SW - AUTO - Cell Bank Environmental Pressure Cascade Dynamic Control,[FY25] - 200SW - AUTO - Cell Bank Environmental Pressure Cascade Dynamic Control,j0000091-0000-4000-8000-000000000000,1059739,TRUE,1,0,4,,25930445,653011a3-a998-f011-b4cb-7c1e527d2157,04d25798-3a42-ee11-bdf5-000d3a8fd327,746c473f-995d-f011-bec1-7c1e527d2157,f7be56aa-a471-4f16-a371-e26f4a56a15b,c85382f3-fe11-4a71-b61d-acfa29d8f3fb
100000000,,,TRUE,2/12/2026,TRUE,MES - MBO - 400SW Downstream Ops (Site Budget),MES - MBO - 400SW Downstream Ops (Site Budget),641dd681-2c01-f111-8406-6045bdd8cc50,1052852,TRUE,1,0,4,,25901488,c312baf3-2a01-f111-8406-7c1e5247a2b3,04d25798-3a42-ee11-bdf5-000d3a8fd327,746c473f-995d-f011-bec1-7c1e527d2157,522b305a-4c2f-426c-b702-a731ba9426c8,2e206058-c2e1-46c0-b68c-28eeb02607e3
100000000,,,TRUE,8/5/2026,TRUE,300SW - QC - Vi-Cell Cell Counters Replacement,300SW - QC - Vi-Cell Cell Counters Replacement,001809cc-4292-f011-b4cc-7c1e527d2157,1046122,TRUE,1,0,4,,25900656,,04d25798-3a42-ee11-bdf5-000d3a8fd327,746c473f-995d-f011-bec1-7c1e527d2157,bbcf8d5c-ab1b-4c7b-98d0-109afaef9073,23ebfc42-b5d1-47ab-a9d4-116e84f2222d
100000000,,,TRUE,8/4/2026,TRUE,300SW - QUAL - Tube Labeler Improvement,300SW - QUAL - Tube Labeler Improvement,2e796539-18bc-f011-bbd3-002248271486,1053260,TRUE,1,0,4,,25884054,,04d25798-3a42-ee11-bdf5-000d3a8fd327,746c473f-995d-f011-bec1-7c1e527d2157,bbcf8d5c-ab1b-4c7b-98d0-109afaef9073,2fc59592-9078-4673-adb7-4a04f1dbd3f1
100000000,,,TRUE,8/4/2026,TRUE,300SW - QUAL - Waters Andrew+ Alliance Pipetting Robot,300SW - QUAL - Waters Andrew+ Alliance Pipetting Robot,11f3adf7-4292-f011-b4cc-7c1e527d2157,1048058,TRUE,1,0,4,,25884052,,04d25798-3a42-ee11-bdf5-000d3a8fd327,746c473f-995d-f011-bec1-7c1e527d2157,bbcf8d5c-ab1b-4c7b-98d0-109afaef9073,958a8909-03e0-4180-a605-e3cf3640d837
100000000,,,TRUE,8/4/2026,FALSE,300SW - QUAL - Balances replacement,300SW - QUAL - Balances replacement,22e434ee-17bc-f011-bbd2-6045bdd74dd7,1053245,TRUE,1,0,4,,25883745,,04d25798-3a42-ee11-bdf5-000d3a8fd327,746c473f-995d-f011-bec1-7c1e527d2157,bbcf8d5c-ab1b-4c7b-98d0-109afaef9073,daf1bf4e-9ac8-4e93-b50e-54b0dc21e997
100000000,lloyd.vallance@takeda.com,,TRUE,8/4/2026,FALSE,[FY26] - 400SW - AUTO - Upgrade of Delta V controllers for the Network Attached Storage system for backup and Recovery,[FY26] - 400SW - AUTO - Upgrade of Delta V controllers for the Network Attached Storage system for backup and Recovery,2a294a74-fc22-f111-8341-6045bdd8cc50,1059736,TRUE,1,0,4,,25883268,b9aab387-7fab-f011-bbd3-7c1e527cd923,04d25798-3a42-ee11-bdf5-000d3a8fd327,746c473f-995d-f011-bec1-7c1e527d2157,f7be56aa-a471-4f16-a371-e26f4a56a15b,7351aecd-5444-47e4-b9f9-80b777b42129
100000000,,,TRUE,8/4/2026,FALSE,MBO - AUTO - CMS back-end improvements,MBO - AUTO - CMS back-end improvements,c404ce30-1676-f111-ab0e-7ced8d1ca135,1053297,TRUE,1,0,4,,25883257,0e0b54ba-ff22-f111-8341-6045bda6c590,04d25798-3a42-ee11-bdf5-000d3a8fd327,746c473f-995d-f011-bec1-7c1e527d2157,f7be56aa-a471-4f16-a371-e26f4a56a15b,7351aecd-5444-47e4-b9f9-80b777b42129
100000000,,,FALSE,7/2/2026,FALSE,[FY26] - 400SW - AUTO - DeltaV Foundational improvement project,[FY26] - 400SW - AUTO - DeltaV Foundational improvement project,c33b2a24-1676-f111-ab0e-000d3a99ae1b,1059736,TRUE,1,0,4,,25883255,67f1f35f-fb22-f111-8341-7c1e5247a2b3,04d25798-3a42-ee11-bdf5-000d3a8fd327,746c473f-995d-f011-bec1-7c1e527d2157,f7be56aa-a471-4f16-a371-e26f4a56a15b,7351aecd-5444-47e4-b9f9-80b777b42129
100000000,,,TRUE,8/4/2026,FALSE,[FY26] - 400SW - AUTO - Walk-in Cold Storage Data Integration with SAIL,[FY26] - 400SW - AUTO - Walk-in Cold Storage Data Integration with SAIL,0b841ebb-f822-f111-8341-000d3a538d48,1059738,TRUE,1,0,4,,25883251,87add845-3ba5-f011-bbd3-002248271486,04d25798-3a42-ee11-bdf5-000d3a8fd327,746c473f-995d-f011-bec1-7c1e527d2157,f7be56aa-a471-4f16-a371-e26f4a56a15b,df5ec455-709c-4745-9a0e-83ee131763b6
100000000,lloyd.vallance@takeda.com,,TRUE,8/4/2026,FALSE,[FY26] - 400SW - AUTO - Upgrade of the OT Thin Manager infrastructure,[FY26] - 400SW - AUTO - Upgrade of the OT Thin Manager infrastructure,6a932b6e-fc22-f111-8341-6045bdd8cc50,1059737,TRUE,1,0,4,,25883249,cbeac53a-85ab-f011-bbd3-002248276c98,04d25798-3a42-ee11-bdf5-000d3a8fd327,746c473f-995d-f011-bec1-7c1e527d2157,f7be56aa-a471-4f16-a371-e26f4a56a15b,7351aecd-5444-47e4-b9f9-80b777b42129
100000000,,,TRUE,8/4/2026,TRUE,300SW - QC - Replace Artel PCS (End of Life Instrument),300SW - QC - Replace Artel PCS (End of Life Instrument),825408b4-4292-f011-b4cc-7c1e527d2157,1046134,TRUE,1,0,4,,25882354,,04d25798-3a42-ee11-bdf5-000d3a8fd327,746c473f-995d-f011-bec1-7c1e527d2157,bbcf8d5c-ab1b-4c7b-98d0-109afaef9073,23ebfc42-b5d1-47ab-a9d4-116e84f2222d
100000000,,,TRUE,2/6/2026,TRUE,DDT - MES - MBO - 400SW Upstream Ops (Site Budget),DDT - MES - MBO - 400SW Upstream Ops (Site Budget),46939120-4492-f011-b4cc-7c1e527d2157,1050194,TRUE,1,0,4,,25882334,,04d25798-3a42-ee11-bdf5-000d3a8fd327,746c473f-995d-f011-bec1-7c1e527d2157,522b305a-4c2f-426c-b702-a731ba9426c8,2e206058-c2e1-46c0-b68c-28eeb02607e3
100000000,,,FALSE,7/2/2026,FALSE,400SW - CI&I - Bioreactor Centrifuges Air Supply Modification to Meet Vendor Specification,400SW - CI&I - Bioreactor Centrifuges Air Supply Modification to Meet Vendor Specification,d6f546be-1976-f111-ab0f-7c1e5215f4b4,1063197,FALSE,1,0,0,,25876956,042e43de-cd0d-f111-8406-000d3a538d48,04d25798-3a42-ee11-bdf5-000d3a8fd327,746c473f-995d-f011-bec1-7c1e527d2157,f6d313bd-0873-4011-b782-e8a740c08c20,df5ec455-709c-4745-9a0e-83ee131763b6
100000000,,,TRUE,7/30/2026,FALSE,400SW - AIMP - ATS Controller Replacement,400SW - AIMP - ATS Controller Replacement,b4beb216-4392-f011-b4cb-002248271486,1048384,TRUE,1,0,4,,25841351,,04d25798-3a42-ee11-bdf5-000d3a8fd327,746c473f-995d-f011-bec1-7c1e527d2157,16464d45-ff71-47ca-b620-0d31838cbf0d,2524c286-4e46-4f29-9508-4050fad55dc3
100000000,,,TRUE,7/30/2026,TRUE,300SW - QC - LOF - Automated Systems and Facility Upgrade,300SW - QC - LOF - Automated Systems and Facility Upgrade,fe0e5d55-4292-f011-b4cb-002248271486,1046108,TRUE,1,0,4,,25841349,,04d25798-3a42-ee11-bdf5-000d3a8fd327,746c473f-995d-f011-bec1-7c1e527d2157,16464d45-ff71-47ca-b620-0d31838cbf0d,daf1bf4e-9ac8-4e93-b50e-54b0dc21e997
100000000,,,FALSE,5/15/2026,TRUE,MBO TxN - Spend - Managed Service Provider (MSP) Model,MBO TxN - Spend - Managed Service Provider (MSP) Model,0c9c5053-8050-f111-bec6-000d3a55d556,1062587,TRUE,1,0,0,,25840764,9de5a849-e54f-f111-bec7-7c1e527cdbd8,04d25798-3a42-ee11-bdf5-000d3a8fd327,746c473f-995d-f011-bec1-7c1e527d2157,5374bf20-3922-46d0-a194-b80980ab5d86,997237b5-7a2f-4491-8074-b7800e6a39cc
100000000,,,TRUE,7/30/2026,TRUE,MBO TxN - Spend - Material Pricing Optimization,MBO TxN - Spend - Material Pricing Optimization,607f62d0-8550-f111-bec6-000d3a8b49d9,1062588,TRUE,1,0,4,,25840761,b9b308a3-e34f-f111-bec7-7c1e527cdbd8,04d25798-3a42-ee11-bdf5-000d3a8fd327,746c473f-995d-f011-bec1-7c1e527d2157,5374bf20-3922-46d0-a194-b80980ab5d86,c49a9d8d-25a3-494b-a0d1-5156d41a8a36
100000000,tara.feuerstein@takeda.com,,TRUE,7/30/2026,TRUE,"[OPEX] 300SW - AGILE - QC Booster - Workstream 1 (Meeting Optimization, LSW, Fabriq/Tiers)","[OPEX] 300SW - AGILE - QC Booster - Workstream 1 (Meeting Optimization, LSW, Fabriq/Tiers)",8bc84c05-962e-f111-88b4-7c1e52146c0e,1057917,TRUE,1,0,4,,25840055,2625111f-fb2d-f111-88b4-7c1e52146695,04d25798-3a42-ee11-bdf5-000d3a8fd327,746c473f-995d-f011-bec1-7c1e527d2157,9d9e3e04-aa7b-4f84-9a46-a14041d4a029,daf1bf4e-9ac8-4e93-b50e-54b0dc21e997
100000000,,,TRUE,7/29/2026,TRUE,[FY29] - 400SW - INNOV- ATF for ERT Next Generation Perfusion Control,[FY29] - 400SW - INNOV- ATF for ERT Next Generation Perfusion Control,7f9d911d-1d01-f111-8406-7c1e52146c0e,1059653,TRUE,1,0,4,,25835124,aee763a0-eca5-f011-bbd3-7c1e527cd923,04d25798-3a42-ee11-bdf5-000d3a8fd327,746c473f-995d-f011-bec1-7c1e527d2157,7afc53f2-c5e1-4ce6-80d8-09ae1e28bec7,95f71023-bb3c-4d7b-bc0d-b9871c3cd68b
100000000,kayla.eckley@takeda.com,,TRUE,7/29/2026,FALSE,MBO - AIMP - Sartorius Sartocheck Software Upgrade,MBO - AIMP - Sartorius Sartocheck Software Upgrade,f63c3b36-424a-f111-bec6-7c1e527cdbd8,1062449,TRUE,1,0,4,,25834956,07291f66-9224-f111-8341-6045bdd8cc50,04d25798-3a42-ee11-bdf5-000d3a8fd327,746c473f-995d-f011-bec1-7c1e527d2157,9cf05084-b996-4387-86bb-f309a6bdeea8,4ae827d4-e8a4-4835-9246-e30fe73e82f6
100000000,,,TRUE,7/29/2026,TRUE,MBO TxN - OSP - Site Governance & Decision-Making Framework,MBO TxN - OSP - Site Governance & Decision-Making Framework,da33ca98-c44f-f111-bec7-7c1e5215f4b4,1062517,TRUE,1,0,4,,25834814,6ea2cd11-e14e-f111-bec7-000d3a8cdfc7,04d25798-3a42-ee11-bdf5-000d3a8fd327,746c473f-995d-f011-bec1-7c1e527d2157,1249a10a-c7a6-4a6c-b673-f5b11b1a5682,b5b1654c-02fc-4a2f-85d0-0f912c9ad724
100000000,tara.feuerstein@takeda.com,,TRUE,7/29/2026,TRUE,[OPEX] 300SW - AGILE - QC Booster - Workstream 3 (Lab Support Process Efficiency),[OPEX] 300SW - AGILE - QC Booster - Workstream 3 (Lab Support Process Efficiency),11336f19-722f-f111-88b4-7c1e52146c0e,1057917,TRUE,1,0,4,,25834810,08fbfb71-a62e-f111-88b4-7c1e52146908,04d25798-3a42-ee11-bdf5-000d3a8fd327,746c473f-995d-f011-bec1-7c1e527d2157,43d57ef8-e7a4-40fd-8aaf-dc2da3f2b295,daf1bf4e-9ac8-4e93-b50e-54b0dc21e997
100000000,,,FALSE,5/14/2026,TRUE,MBO TxN - MSci - Northstar Implementation - Spotfire to PowerBI Migration,MBO TxN - MSci - Northstar Implementation - Spotfire to PowerBI Migration,3e110bb4-c44f-f111-bec7-000d3a8cdfc7,1062566,FALSE,1,0,0,,25834720,b0e692f3-e04e-f111-bec7-7c1e5215f4b4,04d25798-3a42-ee11-bdf5-000d3a8fd327,746c473f-995d-f011-bec1-7c1e527d2157,8bb990b1-9ed2-4a3a-a06a-b2fbc9d76661,1ae4535a-c129-4f33-9f76-1ba698be262a
100000000,tyler.hopkins@takeda.com,,TRUE,7/28/2026,FALSE,400SW - INNOV - UF-2601 Modifications for Contamination Reduction (Project 3),400SW - INNOV - UF-2601 Modifications for Contamination Reduction (Project 3),44aa373f-d002-f111-8407-6045bda6c590,1061416,TRUE,1,0,4,,25829649,8b91df39-75ba-f011-bbd3-6045bddb6d09,04d25798-3a42-ee11-bdf5-000d3a8fd327,746c473f-995d-f011-bec1-7c1e527d2157,3c292f90-fc51-4753-a402-71416b6a0d00,95f71023-bb3c-4d7b-bc0d-b9871c3cd68b
100000000,,,TRUE,7/28/2026,TRUE,MBO TxN - MSci - Takhzyro UFDF Membrane Lifetime Extension,MBO TxN - MSci - Takhzyro UFDF Membrane Lifetime Extension,61ab2fd0-c34f-f111-bec7-000d3a8cdfc7,1062562,TRUE,1,0,4,,25723146,b20f529c-2b4f-f111-bec7-7c1e527cdbd8,04d25798-3a42-ee11-bdf5-000d3a8fd327,746c473f-995d-f011-bec1-7c1e527d2157,dbfcff44-3d3f-4a60-8d84-0d43d7364466,1ae4535a-c129-4f33-9f76-1ba698be262a
100000000,,,TRUE,4/22/2026,FALSE,[OPEX] [FY26] - 200RPD - AIMP - Decommissioning of Validated Truck,[OPEX] [FY26] - 200RPD - AIMP - Decommissioning of Validated Truck,0a190a51-523e-f111-88b4-70a8a53eb3d2,1059735,FALSE,1,0,0,,25720737,f67bf6f6-45a5-f011-bbd3-7c1e527cd923,04d25798-3a42-ee11-bdf5-000d3a8fd327,746c473f-995d-f011-bec1-7c1e527d2157,d73aae49-dc26-4338-b9e8-a62ff97a69be,47dfdf99-13e2-441c-8c63-abbc31aa7da0
100000000,samantha.sargalski@takeda.com;Maria.Concha-Hein@takeda.com;George.Taylor@takeda.com;brendan.mckeogh@takeda.com,,TRUE,7/27/2026,TRUE,400SW - NPI - TAK-921 Tech Transfer (Project Iron),400SW - NPI - TAK-921 Tech Transfer (Project Iron),2095bb86-d801-f111-8406-7c1e52146908,1061398,TRUE,1,0,4,,25720733,f57acc37-4801-f111-8406-7c1e52146c0e,04d25798-3a42-ee11-bdf5-000d3a8fd327,746c473f-995d-f011-bec1-7c1e527d2157,d6deb2e0-1009-48fe-8ab7-ace602c9ca65,1ae4535a-c129-4f33-9f76-1ba698be262a
100000000,robert.tarsa@takeda.com;christie.santos@takeda.com;mauie.slepoy@takeda.com;kimberly.drew@takeda.com;jd.fier@takeda.com;joseph.piotti@takeda.com,,TRUE,7/27/2026,TRUE,MBO TxN - Site Transformation,MBO TxN - Site Transformation,62789cc6-890e-f111-8406-7c1e5247a2b3,1060851,TRUE,1,0,4,,25719668,c966717f-7a0e-f111-8406-7c1e5247a2b3,04d25798-3a42-ee11-bdf5-000d3a8fd327,746c473f-995d-f011-bec1-7c1e527d2157,eb094966-3b4e-4733-9da1-670867441cf8,b5b1654c-02fc-4a2f-85d0-0f912c9ad724
100000000,tara.feuerstein@takeda.com,,TRUE,7/22/2026,TRUE,MBO TxN - QUAL - IND Batch Disposition Improvements,MBO TxN - QUAL - IND Batch Disposition Improvements,99d8c252-8250-f111-bec7-7c1e527cdbd8,1062514,TRUE,1,0,4,,25660277,3e786944-f54e-f111-bec7-7c1e527cdbd8,04d25798-3a42-ee11-bdf5-000d3a8fd327,746c473f-995d-f011-bec1-7c1e527d2157,855f94e3-3058-4889-b063-978756d90413,daf1bf4e-9ac8-4e93-b50e-54b0dc21e997
100000000,rizvana.parveen@takeda.com;cato.hui@takeda.com;swathi.karthik@takeda.com,,TRUE,7/21/2026,TRUE,[OPEX] - 400SW - AGILE - Create effective SUT Design (Contamination Free Program),[OPEX] - 400SW - AGILE - Create effective SUT Design (Contamination Free Program),f8950c9b-27bb-f011-bbd2-6045bdd74dd7,1059935,TRUE,1,0,4,,25656508,81560a68-0fa5-f011-bbd2-7c1e527d2157,04d25798-3a42-ee11-bdf5-000d3a8fd327,746c473f-995d-f011-bec1-7c1e527d2157,4ae827d4-e8a4-4835-9246-e30fe73e82f6,2e206058-c2e1-46c0-b68c-28eeb02607e3
100000000,,,TRUE,7/21/2026,TRUE,MBO TxN - MSci - Lanadelumab Viral Filter Area Decrease,MBO TxN - MSci - Lanadelumab Viral Filter Area Decrease,93f94fec-7b03-f111-8406-6045bdd8cc50,1061425,TRUE,1,0,4,,25655593,096bef22-c1da-f011-8544-7c1e527cd923,04d25798-3a42-ee11-bdf5-000d3a8fd327,746c473f-995d-f011-bec1-7c1e527d2157,efe912d4-deed-44ae-a4b9-8a46321eff84,1ae4535a-c129-4f33-9f76-1ba698be262a
100000000,,,TRUE,7/20/2026,FALSE,400SW - EHS - Recovery 2 Hoist - Addressing Heavy Load Ergonomics,400SW - EHS - Recovery 2 Hoist - Addressing Heavy Load Ergonomics,fc182bf6-5a84-f111-ab0f-7ced8d1ca135,1063329,FALSE,1,0,0,,25647949,5f60f114-214a-f111-bec6-7c1e527f1b2f,04d25798-3a42-ee11-bdf5-000d3a8fd327,746c473f-995d-f011-bec1-7c1e527d2157,b702c34a-503f-46c4-aa01-1a81546470a2,5de13563-a168-43ac-a45b-c1b028115bdf
100000000,mustafa.hanif@takeda.com,,TRUE,7/2/2026,FALSE,FoF Capacity Analysis,FoF Capacity Analysis,e98f6e7c-1876-f111-ab0f-70a8a53eb3d2,1063195,TRUE,1,0,0,,25599293,5627db19-fe6f-f111-ab0d-000d3a8b49d9,04d25798-3a42-ee11-bdf5-000d3a8fd327,746c473f-995d-f011-bec1-7c1e527d2157,20ac5825-b54d-43e3-a089-f0412aade51e,9b68890d-63f3-49c6-9e10-5c21d8b36423
100000000,,,TRUE,7/17/2026,FALSE,[OPEX] - 400SW - NPI - Eng Run for VPRIV Volume Increase,[OPEX] - 400SW - NPI - Eng Run for VPRIV Volume Increase,00ecca53-ea81-f111-ab0e-7ced8d1ca135,1046097,FALSE,1,0,0,,25598817,42b12f09-9b44-f111-88b4-0022481fc755,04d25798-3a42-ee11-bdf5-000d3a8fd327,746c473f-995d-f011-bec1-7c1e527d2157,20ac5825-b54d-43e3-a089-f0412aade51e,1ae4535a-c129-4f33-9f76-1ba698be262a
100000000,,,TRUE,7/17/2026,FALSE,400SW - AIMP - Osmometer Software Upgrade,400SW - AIMP - Osmometer Software Upgrade,c79b5a3e-e181-f111-ab0f-0022481fc755,1063318,FALSE,1,0,0,,25598779,b88154af-6149-f111-bec6-7c1e5215f4b4,04d25798-3a42-ee11-bdf5-000d3a8fd327,746c473f-995d-f011-bec1-7c1e527d2157,744005b3-eb0a-451b-bec7-1ff32d315676,95f71023-bb3c-4d7b-bc0d-b9871c3cd68b
100000000,scott.nelson@takeda.com,,FALSE,2/3/2026,FALSE,XFMBO - AGILE - EFU-AIQ-SDLC Harmonization Initiative - Phase 2,XFMBO - AGILE - EFU-AIQ-SDLC Harmonization Initiative - Phase 2,35ebda0b-77d7-f011-8544-7c1e527d2157,1059030,TRUE,1,0,4,,25429004,,04d25798-3a42-ee11-bdf5-000d3a8fd327,746c473f-995d-f011-bec1-7c1e527d2157,1bb0b7fb-491e-47b9-b09d-613bb1d60c9b,dd14179b-85c6-4fa9-b53f-ef21ca85f09a
100000000,tara.feuerstein@takeda.com,,TRUE,7/9/2026,TRUE,[OPEX] 300SW - AGILE - QC Booster - Workstream 5 (QC Equipment and Material),[OPEX] 300SW - AGILE - QC Booster - Workstream 5 (QC Equipment and Material),5db95735-8732-f111-88b4-7c1e52146c0e,1057917,TRUE,1,0,4,,25289346,75974fe6-8432-f111-88b4-7c1e52146908,04d25798-3a42-ee11-bdf5-000d3a8fd327,746c473f-995d-f011-bec1-7c1e527d2157,958a8909-03e0-4180-a605-e3cf3640d837,daf1bf4e-9ac8-4e93-b50e-54b0dc21e997
100000000,,,FALSE,6/18/2026,FALSE,200RPD - INNOV - Cold Room Racking Installation,200RPD - INNOV - Cold Room Racking Installation,9ea0ab6e-4192-f011-b4cc-7c1e527cd923,1046073,TRUE,1,0,4,,25284289,,04d25798-3a42-ee11-bdf5-000d3a8fd327,746c473f-995d-f011-bec1-7c1e527d2157,d73aae49-dc26-4338-b9e8-a62ff97a69be,0a8b8289-3b9c-4306-9b5a-79f1dc59800a
100000000,,,TRUE,2/26/2026,FALSE,300SW - QUAL - WinKQCL software upgrade,300SW - QUAL - WinKQCL software upgrade,c5da7ded-adec-f011-8544-000d3a12f42f,1053252,FALSE,1,0,4,,25180688,,04d25798-3a42-ee11-bdf5-000d3a8fd327,746c473f-995d-f011-bec1-7c1e527d2157,05faa830-2c82-4654-afb0-193bd19ae8ae,9d9e3e04-aa7b-4f84-9a46-a14041d4a029
100000000,kimberly.drew@takeda.com,,TRUE,6/30/2026,TRUE,400SW - INNOV - N-1  500L BRX with ATF Perfusion,400SW - INNOV - N-1  500L BRX with ATF Perfusion,00046033-d805-f111-8406-7c1e52146c0e,1058299,TRUE,1,0,4,,25174067,ff6dc0e5-2801-f111-8406-7c1e52146c0e,04d25798-3a42-ee11-bdf5-000d3a8fd327,746c473f-995d-f011-bec1-7c1e527d2157,b0533b90-2787-4181-bfea-4bcead4ca971,95f71023-bb3c-4d7b-bc0d-b9871c3cd68b
100000000,,,FALSE,5/27/2026,FALSE,MBO - AIMP - Investigate Toxalert O2 Monitors,MBO - AIMP - Investigate Toxalert O2 Monitors,c7a7e153-4492-f011-b4cc-7c1e527cd923,1046056,TRUE,1,0,4,,25133484,,04d25798-3a42-ee11-bdf5-000d3a8fd327,746c473f-995d-f011-bec1-7c1e527d2157,d0713de4-b245-4c2b-a49a-7b21d5c640c1,c85382f3-fe11-4a71-b61d-acfa29d8f3fb
100000000,kimberly.drew@takeda.com,,TRUE,6/16/2026,TRUE,400SW - EPCCV - 4th 2K Production Bioreactor,400SW - EPCCV - 4th 2K Production Bioreactor,92e2cac2-4392-f011-b4cc-7c1e527d2157,1051844,TRUE,1,0,4,,25000146,,04d25798-3a42-ee11-bdf5-000d3a8fd327,746c473f-995d-f011-bec1-7c1e527d2157,b0533b90-2787-4181-bfea-4bcead4ca971,b5b1654c-02fc-4a2f-85d0-0f912c9ad724
100000000,,,FALSE,1/30/2026,TRUE,MBO - AGILE - GLIMS Booster,MBO - AGILE - GLIMS Booster,4ffd4868-d4f7-f011-8406-6045bdd8cc50,1061191,TRUE,1,0,4,,24944066,33fdf80e-0cf6-f011-8406-6045bdd8cc50,04d25798-3a42-ee11-bdf5-000d3a8fd327,746c473f-995d-f011-bec1-7c1e527d2157,5374bf20-3922-46d0-a194-b80980ab5d86,c5b43226-8023-4165-8b39-e0a9dc464fec
100000000,,,FALSE,5/7/2026,TRUE,300SW - QC - HIAC Particle Counters Windows 7 Upgrade,300SW - QC - HIAC Particle Counters Windows 7 Upgrade,3e8fbf48-4292-f011-b4cc-7c1e527cd923,1046117,TRUE,1,0,4,,24943558,,04d25798-3a42-ee11-bdf5-000d3a8fd327,746c473f-995d-f011-bec1-7c1e527d2157,05faa830-2c82-4654-afb0-193bd19ae8ae,8277f615-6266-4dd3-aa98-c56f16a0d93f
100000000,,,FALSE,5/7/2026,TRUE,300SW - QC - 7500 Fast PCR Windows 7 Upgrade,300SW - QC - 7500 Fast PCR Windows 7 Upgrade,6371d522-4292-f011-b4cb-002248271486,1046119,TRUE,1,0,4,,24943555,,04d25798-3a42-ee11-bdf5-000d3a8fd327,746c473f-995d-f011-bec1-7c1e527d2157,05faa830-2c82-4654-afb0-193bd19ae8ae,8277f615-6266-4dd3-aa98-c56f16a0d93f
100000000,joseph.piotti@takeda.com,,TRUE,6/3/2026,TRUE,MBO TxN - MSci - Upstream MSci Capability Enablement,MBO TxN - MSci - Upstream MSci Capability Enablement,c080711d-c44f-f111-bec7-7c1e527cdbd8,1062564,TRUE,1,0,4,,24863142,3e3e0392-fb4e-f111-bec7-000d3a8cdfc7,04d25798-3a42-ee11-bdf5-000d3a8fd327,746c473f-995d-f011-bec1-7c1e527d2157,68ed5e32-b3e8-46a6-bb31-e634a70f61df,1ae4535a-c129-4f33-9f76-1ba698be262a
100000000,,,FALSE,4/24/2026,TRUE,[OPEX] - 400SW - AGILE - Leak Response Workstream (Contamination Free Program),[OPEX] - 400SW - AGILE - Leak Response Workstream (Contamination Free Program),97973a08-d618-f111-8341-6045bdd8cc50,1061712,TRUE,1,0,4,,24862068,e1e7a199-c518-f111-8341-7c1e52146c0e,04d25798-3a42-ee11-bdf5-000d3a8fd327,746c473f-995d-f011-bec1-7c1e527d2157,6f7e38d8-5ae9-46c5-ab8a-bbdb309dc8e0,2e206058-c2e1-46c0-b68c-28eeb02607e3
100000000,ahmed.alami@takeda.com,,TRUE,5/14/2026,TRUE,MBO TxN - MFG - Process Intermediates Optimization,MBO TxN - MFG - Process Intermediates Optimization,104352dd-c34f-f111-bec7-7c1e5215f4b4,1062572,TRUE,1,0,0,,24861754,589dc644-004f-f111-bec7-7c1e5215f4b4,04d25798-3a42-ee11-bdf5-000d3a8fd327,746c473f-995d-f011-bec1-7c1e527d2157,c620e950-96ba-41df-9baf-d37580c7a0e1,2e206058-c2e1-46c0-b68c-28eeb02607e3
100000000,Joao.Campos-Jr@takeda.com,,TRUE,6/3/2026,TRUE,400SW - FOF - Increase Target cell density through capacitance probes for Replagal,400SW - FOF - Increase Target cell density through capacitance probes for Replagal,2c3a9cad-d405-f111-8406-7c1e52146c0e,1052612,TRUE,1,0,4,,24861004,0769b519-0a02-f111-8406-6045bdd8cc50,04d25798-3a42-ee11-bdf5-000d3a8fd327,746c473f-995d-f011-bec1-7c1e527d2157,20ac5825-b54d-43e3-a089-f0412aade51e,5f70a104-c533-48ff-bb01-3069023e18c9
100000000,,,TRUE,5/15/2026,TRUE,MBO TxN - QUAL - IND Quality Process Optimization,MBO TxN - QUAL - IND Quality Process Optimization,3e779d0f-8250-f111-bec6-70a8a53eb3d2,1062513,TRUE,1,0,0,,24732945,6abf2f65-6850-f111-bec7-7c1e5215f4b4,04d25798-3a42-ee11-bdf5-000d3a8fd327,746c473f-995d-f011-bec1-7c1e527d2157,26ec363f-bbe9-4dce-898e-f89afbfd2597,daf1bf4e-9ac8-4e93-b50e-54b0dc21e997
100000000,,,FALSE,11/19/2025,FALSE,[FY26] - 200SW - INNOV - Nova Flex 2 Cell Counter,[FY26] - 200SW - INNOV - Nova Flex 2 Cell Counter,j0000142-0000-4000-8000-000000000000,1059742,TRUE,1,0,0,,24732596,69d16c7d-98a3-f011-bbd3-6045bddb6d09,04d25798-3a42-ee11-bdf5-000d3a8fd327,746c473f-995d-f011-bec1-7c1e527d2157,072d4722-c314-4fa9-b76b-3b952a8077ad,9eab8780-2663-4569-adea-8286ce82ae07
100000000,,,TRUE,6/1/2026,FALSE,[OPEX] Reclassification of Cell Bank Systems (SLIAs),[OPEX] Reclassification of Cell Bank Systems (SLIAs),0c6a3308-4192-f011-b4cc-7c1e527d2157,1046099,TRUE,1,0,4,,24731075,,04d25798-3a42-ee11-bdf5-000d3a8fd327,746c473f-995d-f011-bec1-7c1e527d2157,c8bda9db-b169-4f6f-824e-b5ecc24efd9b,95f71023-bb3c-4d7b-bc0d-b9871c3cd68b
100000000,kenneth.woodard@takeda.com,,FALSE,5/27/2026,FALSE,[FY26-FY28] - 400SW - XOF  - BRX 5&6,[FY26-FY28] - 400SW - XOF  - BRX 5&6,j0000144-0000-4000-8000-000000000000,1059654,TRUE,1,0,4,,24697631,b8f9b183-60ab-f011-bbd3-7c1e527e91a1,04d25798-3a42-ee11-bdf5-000d3a8fd327,746c473f-995d-f011-bec1-7c1e527d2157,2ce624aa-fee5-4c4f-b9cd-0e562caf3ea0,b5b1654c-02fc-4a2f-85d0-0f912c9ad724
100000000,tara.feuerstein@takeda.com,,TRUE,5/15/2026,TRUE,MBO TxN - QUAL - IND Quality System Improvements,MBO TxN - QUAL - IND Quality System Improvements,fcb4252d-8250-f111-bec7-7c1e527cdbd8,1062515,TRUE,1,0,0,,24661685,9c4f7b31-6650-f111-bec7-000d3a8cdfc7,04d25798-3a42-ee11-bdf5-000d3a8fd327,746c473f-995d-f011-bec1-7c1e527d2157,25dc0ff6-1b04-41cf-b41a-6f6a2cb0fc6e,daf1bf4e-9ac8-4e93-b50e-54b0dc21e997
100000000,,,FALSE,3/18/2026,FALSE,300SW - INNOV - Automation of Assay Control Monitoring and Trending (QC),300SW - INNOV - Automation of Assay Control Monitoring and Trending (QC),aae5f7fa-04c0-f011-bbd2-7c1e525a3651,1043344,TRUE,1,0,4,,24629346,,04d25798-3a42-ee11-bdf5-000d3a8fd327,746c473f-995d-f011-bec1-7c1e527d2157,bbcf8d5c-ab1b-4c7b-98d0-109afaef9073,23ebfc42-b5d1-47ab-a9d4-116e84f2222d
100000000,,,FALSE,5/13/2026,FALSE,200RPD - INNOV - HVAC MECH Shop Retrofit,200RPD - INNOV - HVAC MECH Shop Retrofit,28e472e1-5dfc-f011-8406-6045bdd8cc50,1054847,TRUE,1,0,4,,24507157,76d35f25-5dfc-f011-8406-7c1e5247a2b3,04d25798-3a42-ee11-bdf5-000d3a8fd327,746c473f-995d-f011-bec1-7c1e527d2157,d0713de4-b245-4c2b-a49a-7b21d5c640c1,c85382f3-fe11-4a71-b61d-acfa29d8f3fb
100000000,,,TRUE,5/20/2026,FALSE,[FY26] - 300SW - QC-AIMP - Gas Chromatography Instruments,[FY26] - 300SW - QC-AIMP - Gas Chromatography Instruments,j0000148-0000-4000-8000-000000000000,1059754,FALSE,1,0,0,,24506926,27d378c7-06a6-f011-bbd3-7c1e527cd923,04d25798-3a42-ee11-bdf5-000d3a8fd327,746c473f-995d-f011-bec1-7c1e527d2157,bddfb2fa-bde9-4ac6-a14e-d9407ce79aa4,97d8949f-18fd-4727-a7ee-65f16c848d63
100000000,,,TRUE,5/20/2026,FALSE,[FY26] - 300SW - QC-AIMP - New FTIR instrument + S/W Upgrade (Particle ID Lab and RM Lab),[FY26] - 300SW - QC-AIMP - New FTIR instrument + S/W Upgrade (Particle ID Lab and RM Lab),j0000149-0000-4000-8000-000000000000,1059755,FALSE,1,0,0,,24506906,b907945d-01a6-f011-bbd2-7c1e527d2157,04d25798-3a42-ee11-bdf5-000d3a8fd327,746c473f-995d-f011-bec1-7c1e527d2157,bbcf8d5c-ab1b-4c7b-98d0-109afaef9073,97d8949f-18fd-4727-a7ee-65f16c848d63
100000000,,,TRUE,5/18/2026,FALSE,MBO - QUAL - Veeva QMS Integrations (Global Initiative),MBO - QUAL - Veeva QMS Integrations (Global Initiative),f6b73d96-66d0-f011-bbd3-7c1e527d2157,1060404,TRUE,1,0,4,,24488602,31a81317-95c0-f011-bbd3-7c1e527cd923,04d25798-3a42-ee11-bdf5-000d3a8fd327,746c473f-995d-f011-bec1-7c1e527d2157,5a3c7b86-c2eb-423b-96ed-e22222c3ab58,daf1bf4e-9ac8-4e93-b50e-54b0dc21e997
100000000,,,TRUE,5/14/2026,TRUE,300SW - FOF - IAN Rapid Bioburden Instrument,300SW - FOF - IAN Rapid Bioburden Instrument,380efb06-5600-f111-8406-7c1e5247a2b3,1061380,TRUE,1,0,4,,24406458,57498159-fdd9-f011-8543-7c1e524a002a,04d25798-3a42-ee11-bdf5-000d3a8fd327,746c473f-995d-f011-bec1-7c1e527d2157,20ac5825-b54d-43e3-a089-f0412aade51e,1ae4535a-c129-4f33-9f76-1ba698be262a
100000000,,,TRUE,5/14/2026,FALSE,[OPEX] - 400SW - FOF - Closing viral operations (VI & VF) for Takzhyro and TAK-079 in previral purification 2 suite,[OPEX] - 400SW - FOF - Closing viral operations (VI & VF) for Takzhyro and TAK-079 in previral purification 2 suite,0c1d401c-53db-f011-8543-7c1e524a002a,1060898,TRUE,1,0,4,,24406456,3d930d4d-22a9-f011-bbd3-7c1e527cd923,04d25798-3a42-ee11-bdf5-000d3a8fd327,746c473f-995d-f011-bec1-7c1e527d2157,20ac5825-b54d-43e3-a089-f0412aade51e,95f71023-bb3c-4d7b-bc0d-b9871c3cd68b
100000000,,,FALSE,5/14/2026,FALSE,200RPD - OPEX - Decommissioning of Raw Materials Space,200RPD - OPEX - Decommissioning of Raw Materials Space,bcd75f8c-4192-f011-b4cb-002248271486,1054848,TRUE,1,0,4,,24404532,,04d25798-3a42-ee11-bdf5-000d3a8fd327,746c473f-995d-f011-bec1-7c1e527d2157,e351b06b-a75f-4138-ad6a-01780a10413d,c85382f3-fe11-4a71-b61d-acfa29d8f3fb
100000000,,,TRUE,3/20/2026,FALSE,[FY26] - WOF - UPB transport directly in trucks,[FY26] - WOF - UPB transport directly in trucks,19b20317-9724-f111-8341-000d3a538d48,1059761,TRUE,1,0,0,,24400455,09e022e4-9aa3-f011-bbd3-7c1e527cd923,04d25798-3a42-ee11-bdf5-000d3a8fd327,746c473f-995d-f011-bec1-7c1e527d2157,0c73dd41-bda2-4f46-8ef8-37722b96f918,47dfdf99-13e2-441c-8c63-abbc31aa7da0
100000000,,,FALSE,3/4/2026,FALSE,400SW - MSCI - 2K Inoculation Timing Impact on Lana Seeding Density,400SW - MSCI - 2K Inoculation Timing Impact on Lana Seeding Density,7c4706c8-a9d0-f011-bbd3-6045bddb6d09,1060753,TRUE,1,0,4,,24336473,56f6109b-adcf-f011-bbd3-002248276c98,04d25798-3a42-ee11-bdf5-000d3a8fd327,746c473f-995d-f011-bec1-7c1e527d2157,69e8b13a-2ef4-493c-b1bc-4f2f861a7b55,7afc53f2-c5e1-4ce6-80d8-09ae1e28bec7
100000000,,,TRUE,4/21/2026,FALSE,200SW - QUAL - Nova Flex 2 Cell Counter,200SW - QUAL - Nova Flex 2 Cell Counter,b7a03d79-b13d-f111-88b4-7c1e5215f4b4,1062257,FALSE,1,0,0,,23949677,3649dae7-5abb-f011-bbd3-7c1e527cd923,04d25798-3a42-ee11-bdf5-000d3a8fd327,746c473f-995d-f011-bec1-7c1e527d2157,ff4eb71f-87d1-4b0b-b8e7-a941c3e2c437,8277f615-6266-4dd3-aa98-c56f16a0d93f
100000000,,,TRUE,4/16/2026,FALSE,[FY26] 300SW - AIMP - Environmental Chamber Replacement,[FY26] 300SW - AIMP - Environmental Chamber Replacement,821d10b8-ac39-f111-88b4-7c1e5215f4b4,1061498,FALSE,1,0,0,,23884074,5ea428df-a439-f111-88b4-0022481fc755,04d25798-3a42-ee11-bdf5-000d3a8fd327,746c473f-995d-f011-bec1-7c1e527d2157,d73aae49-dc26-4338-b9e8-a62ff97a69be,df5ec455-709c-4745-9a0e-83ee131763b6
100000000,,,FALSE,4/16/2026,FALSE,400SW - AIMP - Utilities M700 Replacement,400SW - AIMP - Utilities M700 Replacement,d48dda6c-4392-f011-b4cc-7c1e527cd923,1056507,TRUE,1,0,4,,23883831,,04d25798-3a42-ee11-bdf5-000d3a8fd327,746c473f-995d-f011-bec1-7c1e527d2157,e351b06b-a75f-4138-ad6a-01780a10413d,c85382f3-fe11-4a71-b61d-acfa29d8f3fb
100000000,,,FALSE,4/16/2026,FALSE,400SW - AIMP - M700 Transmitter Upgrade,400SW - AIMP - M700 Transmitter Upgrade,032cec41-4392-f011-b4cc-7c1e527cd923,1052906,TRUE,1,0,4,,23883827,,04d25798-3a42-ee11-bdf5-000d3a8fd327,746c473f-995d-f011-bec1-7c1e527d2157,e351b06b-a75f-4138-ad6a-01780a10413d,95f71023-bb3c-4d7b-bc0d-b9871c3cd68b
100000000,,,FALSE,12/4/2025,FALSE,MBO - PROC - Lab Supplies Harmonization,MBO - PROC - Lab Supplies Harmonization,0cbf4ba5-abd0-f011-bbd3-002248271486,1060755,TRUE,1,0,0,,23878659,b0368723-8d99-f011-b4cc-7c1e527cd923,04d25798-3a42-ee11-bdf5-000d3a8fd327,746c473f-995d-f011-bec1-7c1e527d2157,a13f2e44-39f5-40f0-9a22-7c4c6c991cfc,c49a9d8d-25a3-494b-a0d1-5156d41a8a36
100000000,simran.karamchandani@takeda.com,,TRUE,2/9/2026,TRUE,MBO - DD&T - OT Cybersecurity Remediation Program,MBO - DD&T - OT Cybersecurity Remediation Program,b3f38812-51dc-f011-8544-002248276c98,1060931,TRUE,1,0,0,,23842263,f7e01180-f6d5-f011-8543-7ced8d180b64,04d25798-3a42-ee11-bdf5-000d3a8fd327,746c473f-995d-f011-bec1-7c1e527d2157,c5b43226-8023-4165-8b39-e0a9dc464fec,c5b43226-8023-4165-8b39-e0a9dc464fec
100000000,,,FALSE,2/19/2026,FALSE,400SW - AIMP - Manufacturing TCUs- 8 Assets,400SW - AIMP - Manufacturing TCUs- 8 Assets,5c9c694e-4392-f011-b4cc-7c1e527cd923,1030903,TRUE,1,0,4,,23831396,,04d25798-3a42-ee11-bdf5-000d3a8fd327,746c473f-995d-f011-bec1-7c1e527d2157,d73aae49-dc26-4338-b9e8-a62ff97a69be,
100000000,,,FALSE,3/27/2026,FALSE,400SW - OT - Delta V Major Version Upgrade,400SW - OT - Delta V Major Version Upgrade,ddc8a407-4492-f011-b4cb-002248271486,1041338,TRUE,1,0,4,,23751773,,04d25798-3a42-ee11-bdf5-000d3a8fd327,746c473f-995d-f011-bec1-7c1e527d2157,f7be56aa-a471-4f16-a371-e26f4a56a15b,7351aecd-5444-47e4-b9f9-80b777b42129
100000000,john.honey@takeda.com;emelie.burgess@takeda.com,,TRUE,2/13/2026,TRUE,LOTUS Project - Lexington OSD Takeda US,LOTUS Project - Lexington OSD Takeda US,b2a57088-f101-f111-8406-7c1e52146c0e,1058706,TRUE,1,0,4,,23664801,ac8eeccc-f001-f111-8406-0022481cae89,04d25798-3a42-ee11-bdf5-000d3a8fd327,746c473f-995d-f011-bec1-7c1e527d2157,221ed109-1c1e-4293-ba7d-d9116bb49b82,b5b1654c-02fc-4a2f-85d0-0f912c9ad724
100000000,,,FALSE,3/18/2026,FALSE,300SW - QC - Milli-Q System Replacement,300SW - QC - Milli-Q System Replacement,36df197c-4292-f011-b4cb-002248271486,1046133,TRUE,1,0,4,,23619030,,04d25798-3a42-ee11-bdf5-000d3a8fd327,746c473f-995d-f011-bec1-7c1e527d2157,d0713de4-b245-4c2b-a49a-7b21d5c640c1,
100000000,,,TRUE,3/18/2026,FALSE,Standard Work - Non-Routine Base Business (Pilot),Standard Work - Non-Routine Base Business (Pilot),18233646-9db5-f011-bbd3-002248276c98,,TRUE,1,0,0,,23615370,,04d25798-3a42-ee11-bdf5-000d3a8fd327,746c473f-995d-f011-bec1-7c1e527d2157,0c73dd41-bda2-4f46-8ef8-37722b96f918,
100000000,,,FALSE,2/23/2026,FALSE,Standard Work - Functional Project Support (Pilot),Standard Work - Functional Project Support (Pilot),efdd28fa-92b5-f011-bbd2-000d3a8aa742,,TRUE,1,0,0,,23615301,,04d25798-3a42-ee11-bdf5-000d3a8fd327,746c473f-995d-f011-bec1-7c1e527d2157,0c73dd41-bda2-4f46-8ef8-37722b96f918,
100000000,,,TRUE,3/18/2026,FALSE,[FY26] LEX - AUTO - IDF/MDF HVAC Capacity Refresh,[FY26] LEX - AUTO - IDF/MDF HVAC Capacity Refresh,98cc5685-fb22-f111-8341-6045bdd8cc50,1059656,FALSE,1,0,0,,23614163,e41d4bfa-3aa5-f011-bbd2-7c1e527d2157,04d25798-3a42-ee11-bdf5-000d3a8fd327,746c473f-995d-f011-bec1-7c1e527d2157,1249a10a-c7a6-4a6c-b673-f5b11b1a5682,c5b43226-8023-4165-8b39-e0a9dc464fec
100000000,,,FALSE,9/15/2025,FALSE,SPOT ID: 1038289 - 200SW - MS - Replace old CRF in Cell bank,SPOT ID: 1038289 - 200SW - MS - Replace old CRF in Cell bank,4e44f598-4192-f011-b4cb-002248271486,1038289,TRUE,1,0,0,,23614138,,04d25798-3a42-ee11-bdf5-000d3a8fd327,746c473f-995d-f011-bec1-7c1e527d2157,b249ab33-1d60-43ec-85a3-854906e89929,9eab8780-2663-4569-adea-8286ce82ae07
100000000,,,FALSE,2/26/2026,FALSE,400SW - AIMP - Wall Protection Project,400SW - AIMP - Wall Protection Project,d2575379-4392-f011-b4cc-7c1e527cd923,1052967,TRUE,1,0,4,,23614083,,04d25798-3a42-ee11-bdf5-000d3a8fd327,746c473f-995d-f011-bec1-7c1e527d2157,d0713de4-b245-4c2b-a49a-7b21d5c640c1,2e206058-c2e1-46c0-b68c-28eeb02607e3
100000000,,,FALSE,2/26/2026,FALSE,300SW - INNOV - HVAC MECH Shop Retrofit,300SW - INNOV - HVAC MECH Shop Retrofit,bae33704-4292-f011-b4cb-002248271486,1046072,TRUE,1,0,4,,23614073,,04d25798-3a42-ee11-bdf5-000d3a8fd327,746c473f-995d-f011-bec1-7c1e527d2157,d0713de4-b245-4c2b-a49a-7b21d5c640c1,c85382f3-fe11-4a71-b61d-acfa29d8f3fb
100000000,,,TRUE,3/18/2026,FALSE,[FY25] - 400SW - FOF/WOF - QTY (3) New -80 freezers,[FY25] - 400SW - FOF/WOF - QTY (3) New -80 freezers,j0000172-0000-4000-8000-000000000000,1059647,TRUE,1,0,4,,23613860,97a936b1-44a5-f011-bbd3-7c1e527cd923,04d25798-3a42-ee11-bdf5-000d3a8fd327,746c473f-995d-f011-bec1-7c1e527d2157,0a8b8289-3b9c-4306-9b5a-79f1dc59800a,47dfdf99-13e2-441c-8c63-abbc31aa7da0
100000000,,,FALSE,3/18/2026,FALSE,SPOT ID: 1022862 - 400SW - INNOV - 3rd BRX Implementation,SPOT ID: 1022862 - 400SW - INNOV - 3rd BRX Implementation,75b556cf-4392-f011-b4cc-7c1e527d2157,1022862,TRUE,1,0,4,,23613841,,04d25798-3a42-ee11-bdf5-000d3a8fd327,746c473f-995d-f011-bec1-7c1e527d2157,16464d45-ff71-47ca-b620-0d31838cbf0d,b2a3c072-6583-48c5-870d-4ad99ddae01f
100000000,,,FALSE,3/18/2026,FALSE,SPOT ID: 1046048 - 400SW - AIMP - External Switchgear Replacement,SPOT ID: 1046048 - 400SW - AIMP - External Switchgear Replacement,7261d434-4392-f011-b4cb-002248271486,1046048,TRUE,1,0,4,,23613839,,04d25798-3a42-ee11-bdf5-000d3a8fd327,746c473f-995d-f011-bec1-7c1e527d2157,16464d45-ff71-47ca-b620-0d31838cbf0d,2524c286-4e46-4f29-9508-4050fad55dc3
100000000,,,FALSE,3/18/2026,FALSE,SPOT ID: 1030869 - 200RPD - AIMP - North Reading Generator Improvements,SPOT ID: 1030869 - 200RPD - AIMP - North Reading Generator Improvements,ff07f03a-4192-f011-b4cb-002248271486,1030869,TRUE,1,0,4,,23613837,,04d25798-3a42-ee11-bdf5-000d3a8fd327,746c473f-995d-f011-bec1-7c1e527d2157,16464d45-ff71-47ca-b620-0d31838cbf0d,0a8b8289-3b9c-4306-9b5a-79f1dc59800a
100000000,,,FALSE,3/18/2026,FALSE,205ABP - [OPEX] - AIMP - Boiler #2 Replacement,205ABP - [OPEX] - AIMP - Boiler #2 Replacement,396cfbaf-4192-f011-b4cc-7c1e527d2157,1052423,TRUE,1,0,4,,23613835,,04d25798-3a42-ee11-bdf5-000d3a8fd327,746c473f-995d-f011-bec1-7c1e527d2157,16464d45-ff71-47ca-b620-0d31838cbf0d,426b46ed-c8d8-4d43-8f7d-43b12162d4c6
100000000,Paulina.Quainoo@takeda.com,,TRUE,2/12/2026,TRUE,300SW - QUAL - VPRIV Activity Method - MTHD-231048,300SW - QUAL - VPRIV Activity Method - MTHD-231048,6e1fac76-2008-f111-8406-000d3a538d48,1061490,TRUE,1,0,4,,23613779,18fc5a13-5f07-f111-8406-7c1e5247a2b3,04d25798-3a42-ee11-bdf5-000d3a8fd327,746c473f-995d-f011-bec1-7c1e527d2157,ce3909a7-1976-4c4d-9f17-eabc98a6299b,daf1bf4e-9ac8-4e93-b50e-54b0dc21e997
100000000,,,TRUE,2/27/2026,FALSE,400SW - eAGILE - Production Control Model for Post-Tech Transfer Campaigns,400SW - eAGILE - Production Control Model for Post-Tech Transfer Campaigns,1d651968-f313-f111-8406-7c1e52146c0e,1061657,TRUE,1,0,0,,23613777,2aea4248-6e03-f111-8406-000d3a538d48,04d25798-3a42-ee11-bdf5-000d3a8fd327,746c473f-995d-f011-bec1-7c1e527d2157,ca0224e2-13b1-42a6-97c9-2f622f9f47da,dbfcff44-3d3f-4a60-8d84-0d43d7364466
100000000,,,TRUE,2/23/2026,FALSE,MBO - EHS - Net Zero Program - Project 4,MBO - EHS - Net Zero Program - Project 4,ab453f93-e810-f111-8406-7c1e5247a2b3,1061579,TRUE,1,0,0,,23613775,76412135-1dfd-f011-8406-7c1e5247a2b3,04d25798-3a42-ee11-bdf5-000d3a8fd327,746c473f-995d-f011-bec1-7c1e527d2157,090e8115-6a28-4cb0-9368-67ca630128d6,c85382f3-fe11-4a71-b61d-acfa29d8f3fb
100000000,Paulina.Quainoo@takeda.com,,TRUE,2/12/2026,TRUE,300SW - QUAL - VPRIV Glycan  Mapping - MTHD 231058,300SW - QUAL - VPRIV Glycan  Mapping - MTHD 231058,073309ef-1f08-f111-8406-7c1e5247a2b3,1061489,TRUE,1,0,4,,23613773,95908f0e-6107-f111-8406-6045bdd8cc50,04d25798-3a42-ee11-bdf5-000d3a8fd327,746c473f-995d-f011-bec1-7c1e527d2157,ce3909a7-1976-4c4d-9f17-eabc98a6299b,daf1bf4e-9ac8-4e93-b50e-54b0dc21e997
100000000,Paulina.Quainoo@takeda.com,,TRUE,2/12/2026,TRUE,300SW - QUAL - VPRIV Peptide Mapping - MTHD 230951,300SW - QUAL - VPRIV Peptide Mapping - MTHD 230951,bdb2d8b5-1e08-f111-8406-000d3a538d48,1061488,TRUE,1,0,4,,23613772,a5fc8fc4-6207-f111-8406-7c1e5247a2b3,04d25798-3a42-ee11-bdf5-000d3a8fd327,746c473f-995d-f011-bec1-7c1e527d2157,ce3909a7-1976-4c4d-9f17-eabc98a6299b,daf1bf4e-9ac8-4e93-b50e-54b0dc21e997
100000000,,,TRUE,1/22/2026,FALSE,200SW - Sustainability - Plant Steam Reduction from 200SW Electrification,200SW - Sustainability - Plant Steam Reduction from 200SW Electrification,0bddb6e2-a1f7-f011-8406-6045bdd8cc50,1061184,TRUE,1,0,0,,23613758,dae91e41-40eb-f011-8406-000d3a99310f,04d25798-3a42-ee11-bdf5-000d3a8fd327,746c473f-995d-f011-bec1-7c1e527d2157,090e8115-6a28-4cb0-9368-67ca630128d6,090e8115-6a28-4cb0-9368-67ca630128d6
100000000,Paulina.Quainoo@takeda.com,,TRUE,2/11/2026,TRUE,300SW - QUAL - Cellular Uptake  (Bioassay) - MTHD 230934,300SW - QUAL - Cellular Uptake  (Bioassay) - MTHD 230934,1ed659cd-7507-f111-8406-7c1e52146908,1061465,TRUE,1,0,4,,23613741,bf266a61-6707-f111-8406-7c1e52146908,04d25798-3a42-ee11-bdf5-000d3a8fd327,746c473f-995d-f011-bec1-7c1e527d2157,ce3909a7-1976-4c4d-9f17-eabc98a6299b,daf1bf4e-9ac8-4e93-b50e-54b0dc21e997
100000000,,,TRUE,2/3/2026,TRUE,MBO - DD&T - Project Takami,MBO - DD&T - Project Takami,aa251d11-1001-f111-8406-7c1e52146908,1060746,TRUE,1,0,0,,23613717,3baa1b36-3cb3-f011-bbd3-002248271486,04d25798-3a42-ee11-bdf5-000d3a8fd327,746c473f-995d-f011-bec1-7c1e527d2157,a26ca02b-5211-423b-ab8b-6ae7bdef50a1,47dfdf99-13e2-441c-8c63-abbc31aa7da0
100000000,,,TRUE,12/18/2025,FALSE,400SW - PROC - Weigh & Dispense Bags Improvement (ILC Dover Alternative),400SW - PROC - Weigh & Dispense Bags Improvement (ILC Dover Alternative),6ed62caa-64dc-f011-8543-7c1e524a002a,1060541,TRUE,1,0,0,,23613716,,04d25798-3a42-ee11-bdf5-000d3a8fd327,746c473f-995d-f011-bec1-7c1e527d2157,b702c34a-503f-46c4-aa01-1a81546470a2,47dfdf99-13e2-441c-8c63-abbc31aa7da0
100000000,,,TRUE,2/3/2026,TRUE,[OPEX] - WOF - Warehouse of the Future Program,[OPEX] - WOF - Warehouse of the Future Program,514a6ea3-0d01-f111-8406-6045bdd8cc50,1059652,TRUE,1,0,4,,23613646,,04d25798-3a42-ee11-bdf5-000d3a8fd327,746c473f-995d-f011-bec1-7c1e527d2157,c620e950-96ba-41df-9baf-d37580c7a0e1,47dfdf99-13e2-441c-8c63-abbc31aa7da0
100000000,,,FALSE,2/26/2026,FALSE,400SW - AIMP - Condenser Water System Upgrades,400SW - AIMP - Condenser Water System Upgrades,7b146722-4392-f011-b4cc-7c1e527d2157,1052969,FALSE,1,0,4,,23613545,,04d25798-3a42-ee11-bdf5-000d3a8fd327,746c473f-995d-f011-bec1-7c1e527d2157,d0713de4-b245-4c2b-a49a-7b21d5c640c1,c85382f3-fe11-4a71-b61d-acfa29d8f3fb
100000000,hanna.mccarthy@takeda.com,,TRUE,11/5/2025,FALSE,Standard Work - Regulatory Inquiries,Standard Work - Regulatory Inquiries,4e4c0a33-50ba-f011-bbd2-7c1e52fe4c1f,,TRUE,1,0,0,,23613454,,04d25798-3a42-ee11-bdf5-000d3a8fd327,746c473f-995d-f011-bec1-7c1e527d2157,1ced5417-1175-40dd-ba1e-d0828742acab,
100000000,ronn.gerra@takeda.com,,TRUE,10/30/2025,FALSE,Standard Work - Just Do It (JDI) Support (Pilot),Standard Work - Just Do It (JDI) Support (Pilot),8e29ea71-96b5-f011-bbd3-7c1e527d2157,,TRUE,1,0,0,,23613453,,04d25798-3a42-ee11-bdf5-000d3a8fd327,746c473f-995d-f011-bec1-7c1e527d2157,a13f2e44-39f5-40f0-9a22-7c4c6c991cfc,
100000000,nathan.spillane@takeda.com,,TRUE,3/17/2026,FALSE,Standard Work - MBO Process Eng - Troubleshooting / Deviations (Pilot),Standard Work - MBO Process Eng - Troubleshooting / Deviations (Pilot),566b456f-439d-f011-b41b-7c1e527d2157,,TRUE,1,0,4,,23613452,,04d25798-3a42-ee11-bdf5-000d3a8fd327,746c473f-995d-f011-bec1-7c1e527d2157,4ae827d4-e8a4-4835-9246-e30fe73e82f6,
100000000,,,TRUE,12/3/2025,FALSE,MBO - Strategic Workforce Planning Launch,MBO - Strategic Workforce Planning Launch,c26938a3-61d0-f011-bbd3-7c1e527cd923,,TRUE,1,0,0,,23613450,6ae769d3-7bc1-f011-bbd3-7c1e527d2157,04d25798-3a42-ee11-bdf5-000d3a8fd327,746c473f-995d-f011-bec1-7c1e527d2157,c5f764fa-f2ab-44ae-bd74-e1c3a2a337be,997237b5-7a2f-4491-8074-b7800e6a39cc
100000000,nathan.spillane@takeda.com;minhazuddin.mohammed@takeda.com,,TRUE,9/29/2025,FALSE,Standard Work - Supplier Notification of Change Support (SNC) (Pilot),Standard Work - Supplier Notification of Change Support (SNC) (Pilot),75e3b338-439d-f011-b41b-7c1e527d2157,,TRUE,1,0,0,,23613449,,04d25798-3a42-ee11-bdf5-000d3a8fd327,746c473f-995d-f011-bec1-7c1e527d2157,c620e950-96ba-41df-9baf-d37580c7a0e1,
100000000,nathan.spillane@takeda.com,,TRUE,9/29/2025,FALSE,Standard Work - MBO Process Eng - Preventative Maintenance Support (Pilot),Standard Work - MBO Process Eng - Preventative Maintenance Support (Pilot),c726b319-439d-f011-b41c-7c1e527cd923,,TRUE,1,0,0,,23613448,,04d25798-3a42-ee11-bdf5-000d3a8fd327,746c473f-995d-f011-bec1-7c1e527d2157,4ae827d4-e8a4-4835-9246-e30fe73e82f6,
100000000,nathan.spillane@takeda.com,,TRUE,3/17/2026,FALSE,Standard Work - MBO Process Eng - Validation Maintenance Support (Pilot),Standard Work - MBO Process Eng - Validation Maintenance Support (Pilot),f66e8857-439d-f011-b41c-7c1e527cd923,,TRUE,1,0,4,,23613446,,04d25798-3a42-ee11-bdf5-000d3a8fd327,746c473f-995d-f011-bec1-7c1e527d2157,4ae827d4-e8a4-4835-9246-e30fe73e82f6,
100000000,nathan.spillane@takeda.com,,TRUE,3/17/2026,FALSE,Standard Work - MBO Process Eng - Functional Equivalency Support (Pilot),Standard Work - MBO Process Eng - Functional Equivalency Support (Pilot),e010f1fa-429d-f011-b41c-6045bddb6d09,,FALSE,1,0,4,,23613444,,04d25798-3a42-ee11-bdf5-000d3a8fd327,746c473f-995d-f011-bec1-7c1e527d2157,4ae827d4-e8a4-4835-9246-e30fe73e82f6,
100000000,nathan.spillane@takeda.com;minhazuddin.mohammed@takeda.com;jeffrey.pirro@takeda.com;matt.diamondjones@takeda.com,,TRUE,9/29/2025,FALSE,Standard Work - CAPA Support (Pilot),Standard Work - CAPA Support (Pilot),88182d0f-439d-f011-b41c-002248271486,,TRUE,1,0,0,,23613427,,04d25798-3a42-ee11-bdf5-000d3a8fd327,746c473f-995d-f011-bec1-7c1e527d2157,1ced5417-1175-40dd-ba1e-d0828742acab,
100000000,Matt.Pappathan@takeda.com;jeffrey.pirro@takeda.com;holly.maloney@takeda.com;david.sideris@takeda.com;tara.feuerstein@takeda.com;scott.nelson@takeda.com;hanna.mccarthy@takeda.com,,TRUE,3/5/2026,TRUE,2025 Lexington FDA Observation Commitments,2025 Lexington FDA Observation Commitments,0c35ba84-64ed-f011-8544-002248271a42,,TRUE,1,0,4,,23613426,,04d25798-3a42-ee11-bdf5-000d3a8fd327,746c473f-995d-f011-bec1-7c1e527d2157,c28074e3-e4f5-47be-b4e7-1a0212f339e3,
100000000,felix.okwuosa@takeda.com;rizvana.parveen@takeda.com,,FALSE,2/5/2026,TRUE,SPOT ID: 1059948 - [OPEX] - 400SW - AGILE - Material Defect TIP (Contamination Free Program),SPOT ID: 1059948 - [OPEX] - 400SW - AGILE - Material Defect TIP (Contamination Free Program),de66295c-23bb-f011-bbd3-7c1e527cd923,1059948,TRUE,1,0,4,,23613422,83ec3d25-6cb6-f011-bbd2-000d3a546a9e,04d25798-3a42-ee11-bdf5-000d3a8fd327,746c473f-995d-f011-bec1-7c1e527d2157,4d21fa7d-6ae3-4f75-ade3-97cf6ac12b28,2e206058-c2e1-46c0-b68c-28eeb02607e3
100000000,,,FALSE,9/15/2025,FALSE,SPOT ID: 1053114 - 205ABP - [OPEX] - AIMP - BioKill Drain Renewal,SPOT ID: 1053114 - 205ABP - [OPEX] - AIMP - BioKill Drain Renewal,171f70a5-4192-f011-b4cb-002248271486,1053114,TRUE,1,0,0,,23613419,,04d25798-3a42-ee11-bdf5-000d3a8fd327,746c473f-995d-f011-bec1-7c1e527d2157,b249ab33-1d60-43ec-85a3-854906e89929,426b46ed-c8d8-4d43-8f7d-43b12162d4c6
100000000,,,FALSE,1/29/2026,FALSE,SPOT ID: 1050874 - MBO - AUTO - APMS: Asset Performance Management System Deployment at MBO,SPOT ID: 1050874 - MBO - AUTO - APMS: Asset Performance Management System Deployment at MBO,8a4f7169-4492-f011-b4cb-002248271486,1050874,TRUE,1,0,4,,23613418,,04d25798-3a42-ee11-bdf5-000d3a8fd327,746c473f-995d-f011-bec1-7c1e527d2157,f7be56aa-a471-4f16-a371-e26f4a56a15b,df5ec455-709c-4745-9a0e-83ee131763b6
100000000,,,FALSE,9/15/2025,FALSE,SPOT ID: 1048764 - 205ABP - AGILE - Roller Bottle Contamination Reduction,205ABP - AGILE - Roller Bottle Contamination Reduction,329f60c2-4192-f011-b4cc-7c1e527d2157,1048764,TRUE,1,0,0,,23613412,,04d25798-3a42-ee11-bdf5-000d3a8fd327,746c473f-995d-f011-bec1-7c1e527d2157,a13f2e44-39f5-40f0-9a22-7c4c6c991cfc,
100000000,,,FALSE,9/15/2025,FALSE,SPOT ID: 1050498 - XFMBO - QUAL - Contamination Control Strategy Revamp,XFMBO - QUAL - Contamination Control Strategy Revamp,07e134cc-4492-f011-b4cc-7c1e527d2157,1050498,TRUE,1,0,0,,23613411,,04d25798-3a42-ee11-bdf5-000d3a8fd327,746c473f-995d-f011-bec1-7c1e527d2157,c620e950-96ba-41df-9baf-d37580c7a0e1,
100000000,,,FALSE,2/18/2026,FALSE,SPOT ID: 1048148 - MBO - NPI - Adcetris/cAC10 Commercial Working Cell Bank,MBO - NPI - Adcetris/cAC10 Commercial Working Cell Bank,54f0c9a1-4492-f011-b4cc-7c1e527d2157,1048148,TRUE,1,0,4,,23613407,,04d25798-3a42-ee11-bdf5-000d3a8fd327,746c473f-995d-f011-bec1-7c1e527d2157,c1cb2678-02c3-4189-8773-9d13a91411be,1ae4535a-c129-4f33-9f76-1ba698be262a
100000000,,,FALSE,9/15/2025,FALSE,SPOT ID: 1048207 - XFMBO - AGILE - EFU-AIQ-SDLC Harmonization Initiative (Phase 1),XFMBO - AGILE - EFU-AIQ-SDLC Harmonization Initiative (Phase 1),3b5a38c0-4492-f011-b4cc-7c1e527d2157,1048207,TRUE,1,0,0,,23613405,,04d25798-3a42-ee11-bdf5-000d3a8fd327,746c473f-995d-f011-bec1-7c1e527d2157,1bb0b7fb-491e-47b9-b09d-613bb1d60c9b,221ed109-1c1e-4293-ba7d-d9116bb49b82
100000000,,,FALSE,9/15/2025,FALSE,SPOT ID: 1046135 - 300SW - QC - Vaya Raman Software Upgrade,SPOT ID: 1046135 - 300SW - QC - Vaya Raman Software Upgrade,bfc0fbbf-4292-f011-b4cc-7c1e527d2157,1046135,TRUE,1,0,0,,23613404,,04d25798-3a42-ee11-bdf5-000d3a8fd327,746c473f-995d-f011-bec1-7c1e527d2157,bbcf8d5c-ab1b-4c7b-98d0-109afaef9073,23ebfc42-b5d1-47ab-a9d4-116e84f2222d
100000000,,,FALSE,11/12/2025,FALSE,SPOT ID: 1046100 - [OPEX] Method Transfer/Validations due to DU800 Replacement,SPOT ID: 1046100 - [OPEX] Method Transfer/Validations due to DU800 Replacement,c141233f-04c0-f011-bbd3-002248271486,1046100,TRUE,1,0,0,,23613402,,04d25798-3a42-ee11-bdf5-000d3a8fd327,746c473f-995d-f011-bec1-7c1e527d2157,ce3909a7-1976-4c4d-9f17-eabc98a6299b,
100000000,,,FALSE,9/15/2025,FALSE,SPOT ID: 1046059 - 400SW - INNOV - UF Skid-2601 Improvements to reduce bioburden,SPOT ID: 1046059 - 400SW - INNOV - UF Skid-2601 Improvements to reduce bioburden,44ff3fe0-4392-f011-b4cc-7c1e527cd923,1046059,TRUE,1,0,0,,23613401,,04d25798-3a42-ee11-bdf5-000d3a8fd327,746c473f-995d-f011-bec1-7c1e527d2157,b0533b90-2787-4181-bfea-4bcead4ca971,95f71023-bb3c-4d7b-bc0d-b9871c3cd68b
100000000,,,FALSE,1/29/2026,FALSE,SPOT ID: 1038212 - 200RPD - AUTO - PI Vision Warehouse Visualization,SPOT ID: 1038212 - 200RPD - AUTO - PI Vision Warehouse Visualization,17d52956-4192-f011-b4cc-7c1e527cd923,1038212,TRUE,1,0,4,,23613394,,04d25798-3a42-ee11-bdf5-000d3a8fd327,746c473f-995d-f011-bec1-7c1e527d2157,f7be56aa-a471-4f16-a371-e26f4a56a15b,0a8b8289-3b9c-4306-9b5a-79f1dc59800a
100000000,,,FALSE,9/15/2025,FALSE,SPOT ID: 1030875 - 400SW - CI&I - Lexington Cell Bank Secondary Storage and internalization of externally stored commercial MCBs and WCBs,SPOT ID: 1030875 - 400SW - CI&I - Lexington Cell Bank Secondary Storage and internalization of externally stored commercial MCBs and WCBs,9bfe7785-4392-f011-b4cb-002248271486,1030875,TRUE,1,0,0,,23613392,,04d25798-3a42-ee11-bdf5-000d3a8fd327,746c473f-995d-f011-bec1-7c1e527d2157,33bbf5ba-6c97-488f-a9c4-3e2fefd3036d,
100000000,nathan.spillane@takeda.com,,FALSE,9/29/2025,FALSE,Standard Work - MBO Process Eng - Tier Meetings (Pilot),Standard Work - MBO Process Eng - Tier Meetings (Pilot),061dd14a-439d-f011-b41b-7c1e527d2157,,TRUE,1,0,0,,23613387,,04d25798-3a42-ee11-bdf5-000d3a8fd327,746c473f-995d-f011-bec1-7c1e527d2157,4ae827d4-e8a4-4835-9246-e30fe73e82f6,
